scenario,run_index,seed,orders_total,on_time_pct,sla_breach_pct,avg_cycle_time_min,p95_cycle_time_min,avg_wait_min,p95_wait_min,throughput_orders_per_hour
Baseline,0,43774,800,26.62,73.38,240.04,450.53,228.33,440.11,100.0
Baseline,1,43775,800,25.37,74.62,253.24,473.06,241.21,463.71,100.0
Baseline,2,43776,800,25.5,74.5,244.31,448.97,232.61,439.26,100.0
Baseline,3,43777,800,25.12,74.88,249.52,459.9,237.69,448.8,100.0
Baseline,4,43778,800,25.37,74.62,251.5,470.83,239.52,459.46,100.0
Baseline,5,43779,800,24.62,75.38,259.86,481.52,247.75,471.95,100.0
Baseline,6,43780,800,24.5,75.5,259.47,481.86,247.34,471.49,100.0
Baseline,7,43781,800,25.25,74.75,248.1,453.39,236.35,442.64,100.0
Baseline,8,43782,800,26.0,74.0,248.53,460.44,236.67,451.1,100.0
Baseline,9,43783,800,24.62,75.38,253.75,472.76,241.69,463.32,100.0
Baseline,10,43784,800,26.0,74.0,248.17,454.69,236.39,444.63,100.0
Baseline,11,43785,800,26.0,74.0,243.52,441.54,231.87,431.91,100.0
Baseline,12,43786,800,25.25,74.75,256.7,479.49,244.6,469.53,100.0
Baseline,13,43787,800,27.25,72.75,235.05,445.58,223.37,433.36,100.0
Baseline,14,43788,800,26.62,73.38,239.72,447.07,228.05,436.42,100.0
Baseline,15,43789,800,25.25,74.75,247.7,461.43,235.84,449.96,100.0
Baseline,16,43790,800,25.75,74.25,245.9,454.98,234.12,444.74,100.0
Baseline,17,43791,800,24.25,75.75,259.86,473.56,247.84,463.14,100.0
Baseline,18,43792,800,26.62,73.38,244.49,461.43,232.65,451.61,100.0
Baseline,19,43793,800,26.0,74.0,253.74,469.76,241.75,459.22,100.0
Baseline,20,43794,800,24.75,75.25,257.43,475.39,245.43,465.14,100.0
Baseline,21,43795,800,24.75,75.25,252.58,466.14,240.66,453.89,100.0
Baseline,22,43796,800,25.37,74.62,255.33,479.02,243.29,469.48,100.0
Baseline,23,43797,800,24.88,75.12,252.66,462.92,240.79,450.87,100.0
Baseline,24,43798,800,26.0,74.0,250.81,466.28,238.85,455.47,100.0
Baseline,25,43799,800,25.12,74.88,249.9,454.81,238.13,445.19,100.0
Baseline,26,43800,800,28.12,71.88,236.07,447.72,224.36,436.73,100.0
Baseline,27,43801,800,25.5,74.5,251.97,473.17,239.95,463.84,100.0
Baseline,28,43802,800,25.75,74.25,249.74,461.59,237.89,450.73,100.0
Baseline,29,43803,800,23.62,76.38,261.98,476.73,249.92,465.37,100.0
Baseline,30,43804,800,25.37,74.62,259.35,482.41,247.2,472.1,100.0
Baseline,31,43805,800,25.37,74.62,252.68,469.44,240.76,460.55,100.0
Baseline,32,43806,800,26.12,73.88,246.12,454.22,234.38,445.23,100.0
Baseline,33,43807,800,26.25,73.75,243.63,452.26,231.87,441.27,100.0
Baseline,34,43808,800,25.37,74.62,249.45,458.08,237.64,447.23,100.0
Baseline,35,43809,800,25.62,74.38,254.04,475.73,242.0,465.49,100.0
Baseline,36,43810,800,25.37,74.62,255.75,475.13,243.72,463.6,100.0
Baseline,37,43811,800,25.0,75.0,252.35,473.11,240.32,462.29,100.0
Baseline,38,43812,800,24.88,75.12,256.75,472.75,244.78,460.31,100.0
Baseline,39,43813,800,26.0,74.0,252.93,475.9,240.87,465.84,100.0
Baseline,40,43814,800,24.62,75.38,260.54,479.61,248.43,467.25,100.0
Baseline,41,43815,800,25.62,74.38,252.24,471.75,240.27,461.1,100.0
Baseline,42,43816,800,25.87,74.12,244.22,455.48,232.44,446.77,100.0
Baseline,43,43817,800,24.75,75.25,250.11,457.34,238.28,446.38,100.0
Baseline,44,43818,800,25.62,74.38,245.16,451.7,233.42,441.82,100.0
Baseline,45,43819,800,25.37,74.62,250.83,467.3,238.86,457.32,100.0
Baseline,46,43820,800,24.62,75.38,259.78,476.95,247.75,467.33,100.0
Baseline,47,43821,800,24.62,75.38,257.4,471.9,245.41,462.0,100.0
Baseline,48,43822,800,24.75,75.25,257.03,471.33,245.04,458.82,100.0
Baseline,49,43823,800,25.25,74.75,254.49,472.3,242.47,462.65,100.0
Baseline,50,43824,800,25.25,74.75,256.18,476.88,244.14,465.91,100.0
Baseline,51,43825,800,26.62,73.38,243.98,457.99,232.17,448.77,100.0
Baseline,52,43826,800,25.37,74.62,250.93,467.88,238.97,457.77,100.0
Baseline,53,43827,800,24.75,75.25,254.15,463.78,242.23,453.03,100.0
Baseline,54,43828,800,25.5,74.5,248.3,458.46,236.46,448.2,100.0
Baseline,55,43829,800,24.0,76.0,259.21,467.88,247.31,455.97,100.0
Baseline,56,43830,800,24.62,75.38,257.66,474.86,245.58,464.17,100.0
Baseline,57,43831,800,25.12,74.88,247.92,456.08,236.09,446.58,100.0
Baseline,58,43832,800,24.62,75.38,257.27,476.28,245.2,465.43,100.0
Baseline,59,43833,800,25.37,74.62,253.52,463.08,241.62,454.08,100.0
Baseline,60,43834,800,25.37,74.62,255.36,478.82,243.33,467.29,100.0
Baseline,61,43835,800,24.38,75.62,256.92,469.99,244.92,460.12,100.0
Baseline,62,43836,800,26.38,73.62,248.62,466.44,236.73,456.45,100.0
Baseline,63,43837,800,24.25,75.75,256.38,462.3,244.49,453.15,100.0
Baseline,64,43838,800,25.12,74.88,248.46,454.23,236.69,444.97,100.0
Baseline,65,43839,800,24.5,75.5,254.51,466.91,242.59,457.23,100.0
Baseline,66,43840,800,26.88,73.12,243.5,460.55,231.6,450.63,100.0
Baseline,67,43841,800,25.62,74.38,246.12,453.7,234.32,444.75,100.0
Baseline,68,43842,800,24.38,75.62,254.07,464.62,242.13,454.81,100.0
Baseline,69,43843,800,25.12,74.88,246.77,454.86,234.99,441.97,100.0
Baseline,70,43844,800,23.62,76.38,261.85,473.81,249.86,464.99,100.0
Baseline,71,43845,800,25.62,74.38,244.4,452.63,232.58,441.41,100.0
Baseline,72,43846,800,25.75,74.25,252.84,468.46,240.85,458.38,100.0
Baseline,73,43847,800,25.12,74.88,254.58,467.6,242.62,457.55,100.0
Baseline,74,43848,800,25.37,74.62,251.41,470.71,239.43,460.66,100.0
Baseline,75,43849,800,26.12,73.88,238.7,441.73,227.07,431.95,100.0
Baseline,76,43850,800,24.25,75.75,256.97,472.7,244.96,463.37,100.0
Baseline,77,43851,800,25.5,74.5,243.55,449.06,231.84,438.48,100.0
Baseline,78,43852,800,25.5,74.5,247.45,457.12,235.62,446.87,100.0
Baseline,79,43853,800,26.75,73.25,245.24,466.38,233.32,457.1,100.0
Baseline,80,43854,800,25.75,74.25,245.09,447.68,233.35,438.49,100.0
Baseline,81,43855,800,25.62,74.38,249.64,462.01,237.79,451.38,100.0
Baseline,82,43856,800,24.25,75.75,260.37,487.64,248.25,476.16,100.0
Baseline,83,43857,800,26.88,73.12,248.7,470.04,236.69,458.11,100.0
Baseline,84,43858,800,24.62,75.38,255.92,475.11,243.9,464.77,100.0
Baseline,85,43859,800,25.37,74.62,252.53,469.05,240.56,457.91,100.0
Baseline,86,43860,800,24.5,75.5,254.66,464.97,242.71,454.02,100.0
Baseline,87,43861,800,24.88,75.12,255.11,473.02,243.13,461.17,100.0
Baseline,88,43862,800,24.75,75.25,256.35,464.85,244.41,455.77,100.0
Baseline,89,43863,800,25.12,74.88,256.85,468.44,244.92,458.41,100.0
Baseline,90,43864,800,25.12,74.88,250.6,462.27,238.74,453.32,100.0
Baseline,91,43865,800,25.37,74.62,256.12,478.92,244.05,470.63,100.0
Baseline,92,43866,800,26.12,73.88,245.86,461.71,233.97,449.56,100.0
Baseline,93,43867,800,25.0,75.0,255.18,468.77,243.24,458.42,100.0
Baseline,94,43868,800,25.25,74.75,250.72,466.7,238.76,456.47,100.0
Baseline,95,43869,800,24.12,75.88,266.87,487.84,254.65,478.03,100.0
Baseline,96,43870,800,25.37,74.62,247.44,453.95,235.66,444.31,100.0
Baseline,97,43871,800,25.75,74.25,240.59,442.37,228.95,433.87,100.0
Baseline,98,43872,800,24.88,75.12,256.34,470.28,244.41,460.23,100.0
Baseline,99,43873,800,26.5,73.5,246.62,465.07,234.68,455.42,100.0
Baseline,100,43874,800,26.5,73.5,245.11,454.57,233.36,445.34,100.0
Baseline,101,43875,800,25.75,74.25,247.85,455.34,236.04,443.58,100.0
Baseline,102,43876,800,24.0,76.0,263.39,478.3,251.36,467.46,100.0
Baseline,103,43877,800,25.62,74.38,253.74,471.33,241.73,461.11,100.0
Baseline,104,43878,800,24.62,75.38,253.49,473.65,241.51,461.32,100.0
Baseline,105,43879,800,25.75,74.25,250.23,467.12,238.3,457.21,100.0
Baseline,106,43880,800,26.38,73.62,240.82,452.36,229.07,442.38,100.0
Baseline,107,43881,800,25.25,74.75,253.76,466.57,241.79,456.35,100.0
Baseline,108,43882,800,26.38,73.62,248.35,460.0,236.44,450.71,100.0
Baseline,109,43883,800,25.62,74.38,252.86,468.26,240.91,459.23,100.0
Baseline,110,43884,800,24.88,75.12,250.78,457.39,238.95,446.33,100.0
Baseline,111,43885,800,25.37,74.62,254.22,463.29,242.34,452.77,100.0
Baseline,112,43886,800,23.88,76.12,265.54,487.13,253.35,476.38,100.0
Baseline,113,43887,800,27.12,72.88,245.35,454.3,233.58,444.1,100.0
Baseline,114,43888,800,26.12,73.88,254.58,474.84,242.56,464.83,100.0
Baseline,115,43889,800,25.37,74.62,250.9,460.67,239.07,450.59,100.0
Baseline,116,43890,800,25.5,74.5,249.91,464.52,238.01,455.22,100.0
Baseline,117,43891,800,25.25,74.75,251.28,461.53,239.38,450.67,100.0
Baseline,118,43892,800,25.0,75.0,258.03,474.68,245.98,463.95,100.0
Baseline,119,43893,800,24.75,75.25,260.36,481.53,248.24,470.79,100.0
Baseline,120,43894,800,24.88,75.12,258.39,475.53,246.38,464.41,100.0
Baseline,121,43895,800,25.0,75.0,251.47,460.16,239.62,449.37,100.0
Baseline,122,43896,800,23.88,76.12,259.88,467.39,247.92,458.31,100.0
Baseline,123,43897,800,25.75,74.25,247.72,461.67,235.88,452.05,100.0
Baseline,124,43898,800,25.25,74.75,256.6,477.1,244.49,467.79,100.0
Baseline,125,43899,800,25.37,74.62,253.19,471.74,241.21,460.77,100.0
Baseline,126,43900,800,25.12,74.88,250.75,467.75,238.76,458.25,100.0
Baseline,127,43901,800,25.0,75.0,250.58,462.08,238.67,451.31,100.0
Baseline,128,43902,800,24.25,75.75,258.47,478.35,246.37,468.34,100.0
Baseline,129,43903,800,25.75,74.25,245.26,451.4,233.5,442.33,100.0
Baseline,130,43904,800,24.88,75.12,253.66,463.15,241.81,451.19,100.0
Baseline,131,43905,800,25.5,74.5,256.52,484.25,244.38,472.41,100.0
Baseline,132,43906,800,25.87,74.12,248.19,467.6,236.26,456.39,100.0
Baseline,133,43907,800,25.0,75.0,248.36,460.7,236.51,450.73,100.0
Baseline,134,43908,800,25.12,74.88,249.0,459.78,237.16,449.84,100.0
Baseline,135,43909,800,25.25,74.75,251.66,470.18,239.71,458.97,100.0
Baseline,136,43910,800,24.62,75.38,262.51,485.89,250.29,474.73,100.0
Baseline,137,43911,800,24.62,75.38,257.34,463.05,245.47,453.41,100.0
Baseline,138,43912,800,25.75,74.25,252.04,467.24,240.16,455.82,100.0
Baseline,139,43913,800,25.37,74.62,252.8,465.1,240.86,454.77,100.0
Baseline,140,43914,800,26.12,73.88,247.2,460.76,235.33,449.97,100.0
Baseline,141,43915,800,25.0,75.0,251.6,462.45,239.69,452.29,100.0
Baseline,142,43916,800,25.62,74.38,253.5,457.65,241.63,447.62,100.0
Baseline,143,43917,800,25.0,75.0,254.82,469.04,242.82,458.19,100.0
Baseline,144,43918,800,25.25,74.75,246.75,456.07,234.94,445.8,100.0
Baseline,145,43919,800,25.25,74.75,251.58,466.56,239.65,454.12,100.0
Baseline,146,43920,800,25.75,74.25,253.19,476.35,241.17,465.97,100.0
Baseline,147,43921,800,25.37,74.62,255.25,474.33,243.18,464.96,100.0
Baseline,148,43922,800,25.87,74.12,240.84,443.16,229.2,432.31,100.0
Baseline,149,43923,800,26.0,74.0,251.55,473.8,239.54,459.93,100.0
Baseline,150,43924,800,24.75,75.25,255.93,468.68,243.95,459.38,100.0
Baseline,151,43925,800,24.88,75.12,256.15,467.6,244.19,457.69,100.0
Baseline,152,43926,800,27.38,72.62,242.42,458.94,230.59,449.73,100.0
Baseline,153,43927,800,24.5,75.5,258.09,474.35,246.09,464.2,100.0
Baseline,154,43928,800,24.88,75.12,256.12,469.13,244.15,458.69,100.0
Baseline,155,43929,800,24.12,75.88,260.54,472.27,248.54,462.52,100.0
Baseline,156,43930,800,24.62,75.38,259.31,476.29,247.29,465.15,100.0
Baseline,157,43931,800,26.0,74.0,248.09,467.3,236.13,453.97,100.0
Baseline,158,43932,800,26.12,73.88,244.41,464.88,232.48,455.47,100.0
Baseline,159,43933,800,25.75,74.25,245.96,458.24,234.14,448.2,100.0
Baseline,160,43934,800,23.88,76.12,269.95,498.37,257.58,489.47,100.0
Baseline,161,43935,800,25.0,75.0,257.51,477.31,245.49,465.85,100.0
Baseline,162,43936,800,24.88,75.12,260.97,475.34,248.93,465.88,100.0
Baseline,163,43937,800,24.88,75.12,258.11,475.16,246.03,465.24,100.0
Baseline,164,43938,800,25.12,74.88,253.34,472.02,241.31,462.1,100.0
Baseline,165,43939,800,26.12,73.88,244.62,454.41,232.89,443.76,100.0
Baseline,166,43940,800,24.88,75.12,257.11,469.39,245.16,459.39,100.0
Baseline,167,43941,800,24.38,75.62,258.17,466.8,246.25,456.33,100.0
Baseline,168,43942,800,25.12,74.88,251.89,458.76,240.05,448.17,100.0
Baseline,169,43943,800,26.0,74.0,247.07,460.75,235.25,451.09,100.0
Baseline,170,43944,800,24.75,75.25,258.82,472.99,246.82,463.12,100.0
Baseline,171,43945,800,24.88,75.12,253.74,463.23,241.84,453.71,100.0
Baseline,172,43946,800,24.12,75.88,261.36,479.86,249.24,469.44,100.0
Baseline,173,43947,800,25.25,74.75,249.14,460.89,237.31,451.79,100.0
Baseline,174,43948,800,25.62,74.38,246.35,455.58,234.57,446.23,100.0
Baseline,175,43949,800,24.5,75.5,256.45,467.98,244.51,456.36,100.0
Baseline,176,43950,800,25.62,74.38,251.57,461.22,239.69,451.72,100.0
Baseline,177,43951,800,24.88,75.12,257.51,480.56,245.41,469.05,100.0
Baseline,178,43952,800,26.38,73.62,240.37,445.53,228.68,434.68,100.0
Baseline,179,43953,800,26.12,73.88,251.13,464.56,239.16,455.13,100.0
Baseline,180,43954,800,25.25,74.75,256.06,472.89,244.07,463.32,100.0
Baseline,181,43955,800,25.37,74.62,246.62,454.26,234.79,445.37,100.0
Baseline,182,43956,800,25.75,74.25,250.58,466.71,238.65,458.1,100.0
Baseline,183,43957,800,26.5,73.5,240.62,443.45,228.97,432.93,100.0
Baseline,184,43958,800,24.88,75.12,254.84,467.78,242.91,458.76,100.0
Baseline,185,43959,800,26.75,73.25,241.82,451.91,230.08,442.6,100.0
Baseline,186,43960,800,25.37,74.62,251.71,463.31,239.81,453.39,100.0
Baseline,187,43961,800,25.37,74.62,250.25,462.91,238.34,452.63,100.0
Baseline,188,43962,800,25.62,74.38,248.07,459.78,236.22,449.97,100.0
Baseline,189,43963,800,24.5,75.5,258.6,472.44,246.62,462.54,100.0
Baseline,190,43964,800,25.12,74.88,255.63,475.33,243.58,464.12,100.0
Baseline,191,43965,800,25.12,74.88,255.86,467.13,243.95,457.76,100.0
Baseline,192,43966,800,25.37,74.62,255.87,474.96,243.85,462.9,100.0
Baseline,193,43967,800,25.25,74.75,252.47,458.08,240.63,447.74,100.0
Baseline,194,43968,800,25.12,74.88,252.41,461.34,240.56,451.07,100.0
Baseline,195,43969,800,25.37,74.62,255.07,473.92,243.06,461.63,100.0
Baseline,196,43970,800,24.62,75.38,255.76,466.28,243.85,457.52,100.0
Baseline,197,43971,800,25.12,74.88,253.76,460.26,241.93,450.46,100.0
Baseline,198,43972,800,25.87,74.12,244.18,452.38,232.41,442.3,100.0
Baseline,199,43973,800,24.62,75.38,260.48,480.44,248.37,469.55,100.0
High Demand,0,33475,960,17.29,82.71,378.77,714.75,366.13,703.81,120.0
High Demand,1,33476,960,18.54,81.46,381.92,716.77,369.23,708.26,120.0
High Demand,2,33477,960,18.12,81.88,373.73,691.04,361.33,680.27,120.0
High Demand,3,33478,960,15.73,84.27,388.67,712.03,376.06,702.04,120.0
High Demand,4,33479,960,18.65,81.35,381.33,707.36,368.71,696.21,120.0
High Demand,5,33480,960,16.77,83.23,373.72,700.04,361.23,689.19,120.0
High Demand,6,33481,960,16.98,83.02,379.59,704.24,367.02,694.93,120.0
High Demand,7,33482,960,17.5,82.5,377.7,701.14,365.2,690.68,120.0
High Demand,8,33483,960,18.02,81.98,368.93,682.34,356.61,670.17,120.0
High Demand,9,33484,960,16.46,83.54,388.47,720.7,375.78,711.66,120.0
High Demand,10,33485,960,17.6,82.4,371.33,690.96,358.92,677.29,120.0
High Demand,11,33486,960,16.56,83.44,379.71,705.64,367.19,693.51,120.0
High Demand,12,33487,960,17.29,82.71,377.12,699.84,364.64,688.5,120.0
High Demand,13,33488,960,17.29,82.71,383.26,713.77,370.6,704.22,120.0
High Demand,14,33489,960,15.83,84.17,388.47,714.57,375.78,704.19,120.0
High Demand,15,33490,960,16.98,83.02,377.51,699.19,365.0,688.97,120.0
High Demand,16,33491,960,18.23,81.77,375.19,690.16,362.81,681.88,120.0
High Demand,17,33492,960,19.38,80.62,374.24,704.21,361.69,689.96,120.0
High Demand,18,33493,960,15.42,84.58,396.56,734.49,383.66,725.31,120.0
High Demand,19,33494,960,17.4,82.6,386.38,713.92,373.75,703.79,120.0
High Demand,20,33495,960,16.25,83.75,391.18,718.5,378.49,708.71,120.0
High Demand,21,33496,960,17.4,82.6,376.7,700.36,364.2,691.26,120.0
High Demand,22,33497,960,17.08,82.92,382.75,708.31,370.17,696.94,120.0
High Demand,23,33498,960,15.83,84.17,385.61,708.89,372.97,699.66,120.0
High Demand,24,33499,960,17.4,82.6,386.58,714.49,373.92,706.71,120.0
High Demand,25,33500,960,15.52,84.48,394.88,727.72,382.1,717.03,120.0
High Demand,26,33501,960,16.88,83.12,367.73,684.29,355.39,672.39,120.0
High Demand,27,33502,960,17.29,82.71,387.34,714.41,374.71,704.33,120.0
High Demand,28,33503,960,17.4,82.6,382.5,705.83,369.95,696.42,120.0
High Demand,29,33504,960,17.81,82.19,379.98,706.75,367.41,697.68,120.0
High Demand,30,33505,960,17.4,82.6,382.55,707.79,369.9,696.88,120.0
High Demand,31,33506,960,16.35,83.65,384.06,702.68,371.49,691.36,120.0
High Demand,32,33507,960,18.23,81.77,386.89,724.77,374.2,715.9,120.0
High Demand,33,33508,960,18.23,81.77,382.48,718.67,369.8,709.93,120.0
High Demand,34,33509,960,18.02,81.98,377.69,705.58,365.15,696.53,120.0
High Demand,35,33510,960,16.98,83.02,377.89,699.81,365.39,689.03,120.0
High Demand,36,33511,960,15.73,84.27,397.96,735.95,385.08,724.26,120.0
High Demand,37,33512,960,18.23,81.77,389.45,726.76,376.67,715.57,120.0
High Demand,38,33513,960,16.04,83.96,393.53,730.08,380.71,717.23,120.0
High Demand,39,33514,960,18.44,81.56,376.32,708.77,363.74,697.7,120.0
High Demand,40,33515,960,16.77,83.23,389.78,721.77,377.04,711.51,120.0
High Demand,41,33516,960,16.25,83.75,383.12,705.5,370.55,696.11,120.0
High Demand,42,33517,960,16.15,83.85,389.34,725.38,376.59,712.98,120.0
High Demand,43,33518,960,15.94,84.06,386.81,718.1,374.15,707.23,120.0
High Demand,44,33519,960,17.08,82.92,386.89,711.51,374.24,700.22,120.0
High Demand,45,33520,960,16.25,83.75,392.66,722.5,379.92,709.88,120.0
High Demand,46,33521,960,17.19,82.81,378.36,694.09,365.99,683.27,120.0
High Demand,47,33522,960,16.25,83.75,384.69,706.09,372.13,696.26,120.0
High Demand,48,33523,960,17.81,82.19,378.65,705.27,366.16,693.84,120.0
High Demand,49,33524,960,16.25,83.75,386.33,714.98,373.67,704.86,120.0
High Demand,50,33525,960,16.46,83.54,385.68,710.39,373.06,702.27,120.0
High Demand,51,33526,960,16.15,83.85,386.71,720.82,373.99,710.29,120.0
High Demand,52,33527,960,17.29,82.71,375.33,695.77,362.83,685.85,120.0
High Demand,53,33528,960,16.88,83.12,388.51,716.47,375.83,705.79,120.0
High Demand,54,33529,960,16.77,83.23,382.27,710.83,369.64,697.84,120.0
High Demand,55,33530,960,16.15,83.85,388.16,712.93,375.52,705.48,120.0
High Demand,56,33531,960,17.4,82.6,371.81,691.44,359.41,680.95,120.0
High Demand,57,33532,960,16.98,83.02,376.39,697.82,363.92,686.57,120.0
High Demand,58,33533,960,16.56,83.44,386.24,711.87,373.63,701.58,120.0
High Demand,59,33534,960,16.25,83.75,392.74,728.91,379.97,714.77,120.0
High Demand,60,33535,960,16.46,83.54,386.26,709.36,373.7,699.53,120.0
High Demand,61,33536,960,18.44,81.56,374.82,692.89,362.4,682.65,120.0
High Demand,62,33537,960,17.6,82.4,382.74,718.82,370.02,708.72,120.0
High Demand,63,33538,960,16.77,83.23,379.01,692.55,366.62,683.35,120.0
High Demand,64,33539,960,16.56,83.44,382.56,711.86,369.96,703.05,120.0
High Demand,65,33540,960,16.88,83.12,386.02,713.9,373.36,705.5,120.0
High Demand,66,33541,960,16.04,83.96,387.48,724.47,374.68,712.96,120.0
High Demand,67,33542,960,15.94,84.06,383.73,712.07,371.11,701.67,120.0
High Demand,68,33543,960,17.29,82.71,384.13,709.24,371.57,699.22,120.0
High Demand,69,33544,960,14.17,85.83,408.92,737.32,396.04,728.06,120.0
High Demand,70,33545,960,16.04,83.96,393.11,722.36,380.34,712.66,120.0
High Demand,71,33546,960,17.6,82.4,380.27,705.79,367.72,693.65,120.0
High Demand,72,33547,960,18.02,81.98,380.84,715.83,368.16,706.74,120.0
High Demand,73,33548,960,17.08,82.92,389.89,726.8,377.13,714.59,120.0
High Demand,74,33549,960,17.6,82.4,382.9,719.96,370.19,710.04,120.0
High Demand,75,33550,960,16.25,83.75,388.5,721.17,375.81,710.01,120.0
High Demand,76,33551,960,16.46,83.54,391.82,723.26,379.05,711.94,120.0
High Demand,77,33552,960,16.67,83.33,395.28,731.98,382.48,721.85,120.0
High Demand,78,33553,960,16.46,83.54,383.84,707.79,371.29,695.78,120.0
High Demand,79,33554,960,18.44,81.56,376.26,695.82,363.78,686.89,120.0
High Demand,80,33555,960,17.08,82.92,388.73,727.1,376.02,715.83,120.0
High Demand,81,33556,960,15.73,84.27,395.37,726.58,382.58,716.36,120.0
High Demand,82,33557,960,16.98,83.02,383.33,712.09,370.73,700.62,120.0
High Demand,83,33558,960,16.88,83.12,394.16,736.08,381.26,726.95,120.0
High Demand,84,33559,960,16.98,83.02,378.37,704.64,365.81,693.87,120.0
High Demand,85,33560,960,16.56,83.44,391.82,723.85,379.06,716.81,120.0
High Demand,86,33561,960,16.35,83.65,386.51,711.42,373.85,701.31,120.0
High Demand,87,33562,960,15.73,84.27,385.44,711.75,372.83,701.86,120.0
High Demand,88,33563,960,16.46,83.54,378.91,699.4,366.42,688.93,120.0
High Demand,89,33564,960,16.77,83.23,387.95,717.68,375.23,706.14,120.0
High Demand,90,33565,960,16.46,83.54,383.28,709.28,370.66,699.01,120.0
High Demand,91,33566,960,17.4,82.6,384.26,720.78,371.52,708.54,120.0
High Demand,92,33567,960,16.25,83.75,386.88,708.07,374.34,697.96,120.0
High Demand,93,33568,960,18.23,81.77,376.47,702.37,363.95,690.84,120.0
High Demand,94,33569,960,17.5,82.5,392.16,726.31,379.4,714.65,120.0
High Demand,95,33570,960,15.94,84.06,389.94,720.66,377.19,709.82,120.0
High Demand,96,33571,960,18.12,81.88,379.62,704.43,367.1,695.54,120.0
High Demand,97,33572,960,18.44,81.56,369.77,685.34,357.41,675.0,120.0
High Demand,98,33573,960,18.44,81.56,363.43,684.75,351.07,671.28,120.0
High Demand,99,33574,960,15.94,84.06,390.31,720.46,377.58,709.14,120.0
High Demand,100,33575,960,16.46,83.54,386.4,724.0,373.62,709.4,120.0
High Demand,101,33576,960,16.88,83.12,377.6,700.6,365.11,689.7,120.0
High Demand,102,33577,960,17.71,82.29,378.18,695.7,365.78,685.77,120.0
High Demand,103,33578,960,16.98,83.02,382.72,714.39,370.1,703.76,120.0
High Demand,104,33579,960,16.15,83.85,396.42,726.67,383.63,713.55,120.0
High Demand,105,33580,960,16.77,83.23,390.56,725.82,377.79,717.37,120.0
High Demand,106,33581,960,17.4,82.6,383.39,710.9,370.78,701.8,120.0
High Demand,107,33582,960,17.5,82.5,372.47,695.41,360.02,686.27,120.0
High Demand,108,33583,960,18.33,81.67,375.8,707.05,363.23,696.92,120.0
High Demand,109,33584,960,18.12,81.88,379.28,707.38,366.71,697.77,120.0
High Demand,110,33585,960,17.5,82.5,383.8,715.1,371.15,702.98,120.0
High Demand,111,33586,960,15.52,84.48,395.23,733.6,382.33,724.12,120.0
High Demand,112,33587,960,16.35,83.65,384.16,710.7,371.55,700.18,120.0
High Demand,113,33588,960,16.35,83.65,384.62,704.76,372.06,694.25,120.0
High Demand,114,33589,960,17.5,82.5,375.77,709.12,363.18,698.38,120.0
High Demand,115,33590,960,16.04,83.96,385.73,708.18,373.21,699.65,120.0
High Demand,116,33591,960,16.88,83.12,383.15,701.22,370.63,689.93,120.0
High Demand,117,33592,960,17.19,82.81,385.54,716.13,372.87,706.37,120.0
High Demand,118,33593,960,17.29,82.71,378.09,698.1,365.62,689.17,120.0
High Demand,119,33594,960,16.35,83.65,385.43,719.87,372.68,707.88,120.0
High Demand,120,33595,960,17.92,82.08,383.09,716.07,370.41,706.11,120.0
High Demand,121,33596,960,16.46,83.54,387.07,718.86,374.39,706.65,120.0
High Demand,122,33597,960,15.94,84.06,385.62,712.37,372.98,702.79,120.0
High Demand,123,33598,960,17.08,82.92,378.66,703.91,366.05,694.08,120.0
High Demand,124,33599,960,16.56,83.44,388.85,713.14,376.19,703.41,120.0
High Demand,125,33600,960,15.73,84.27,391.09,719.15,378.39,710.42,120.0
High Demand,126,33601,960,16.15,83.85,388.98,715.88,376.27,704.31,120.0
High Demand,127,33602,960,16.56,83.44,384.89,710.81,372.23,701.81,120.0
High Demand,128,33603,960,16.98,83.02,383.05,706.44,370.47,695.87,120.0
High Demand,129,33604,960,17.6,82.4,386.68,722.63,373.97,710.13,120.0
High Demand,130,33605,960,17.19,82.81,382.76,716.91,370.09,704.93,120.0
High Demand,131,33606,960,17.71,82.29,386.29,715.83,373.63,704.84,120.0
High Demand,132,33607,960,15.1,84.9,402.06,734.62,389.21,723.58,120.0
High Demand,133,33608,960,15.52,84.48,396.93,728.05,384.11,720.1,120.0
High Demand,134,33609,960,18.85,81.15,376.79,709.53,364.2,699.35,120.0
High Demand,135,33610,960,16.88,83.12,387.25,712.98,374.57,702.68,120.0
High Demand,136,33611,960,17.4,82.6,379.93,701.91,367.43,692.49,120.0
High Demand,137,33612,960,18.85,81.15,374.77,703.21,362.22,691.5,120.0
High Demand,138,33613,960,16.15,83.85,393.46,724.89,380.7,714.98,120.0
High Demand,139,33614,960,16.77,83.23,375.66,693.75,363.2,684.26,120.0
High Demand,140,33615,960,16.04,83.96,382.72,712.13,370.1,699.86,120.0
High Demand,141,33616,960,18.12,81.88,380.26,709.93,367.67,699.44,120.0
High Demand,142,33617,960,17.29,82.71,379.98,704.4,367.4,692.42,120.0
High Demand,143,33618,960,17.92,82.08,382.3,717.92,369.6,707.01,120.0
High Demand,144,33619,960,17.92,82.08,376.43,700.78,363.94,689.79,120.0
High Demand,145,33620,960,17.6,82.4,381.74,702.75,369.26,692.15,120.0
High Demand,146,33621,960,16.46,83.54,388.84,721.51,376.15,709.28,120.0
High Demand,147,33622,960,17.6,82.4,377.73,703.09,365.2,693.21,120.0
High Demand,148,33623,960,16.15,83.85,381.23,709.11,368.63,700.48,120.0
High Demand,149,33624,960,17.4,82.6,383.61,704.05,371.07,693.62,120.0
High Demand,150,33625,960,17.81,82.19,371.79,699.41,359.26,690.64,120.0
High Demand,151,33626,960,19.79,80.21,364.65,680.91,352.34,672.04,120.0
High Demand,152,33627,960,16.25,83.75,393.16,734.76,380.28,720.45,120.0
High Demand,153,33628,960,15.94,84.06,386.23,713.47,373.58,703.83,120.0
High Demand,154,33629,960,16.46,83.54,392.31,721.71,379.58,713.16,120.0
High Demand,155,33630,960,16.77,83.23,386.94,710.3,374.35,699.9,120.0
High Demand,156,33631,960,16.35,83.65,391.68,732.46,378.83,722.01,120.0
High Demand,157,33632,960,17.71,82.29,377.81,705.51,365.25,694.16,120.0
High Demand,158,33633,960,17.4,82.6,379.98,708.94,367.38,694.9,120.0
High Demand,159,33634,960,16.88,83.12,390.28,724.5,377.5,713.34,120.0
High Demand,160,33635,960,16.67,83.33,391.36,732.23,378.49,722.43,120.0
High Demand,161,33636,960,17.5,82.5,382.69,711.22,370.06,698.82,120.0
High Demand,162,33637,960,17.08,82.92,373.4,693.08,360.99,683.58,120.0
High Demand,163,33638,960,17.19,82.81,378.26,698.09,365.8,690.13,120.0
High Demand,164,33639,960,17.81,82.19,377.95,698.92,365.48,689.66,120.0
High Demand,165,33640,960,17.5,82.5,383.96,716.5,371.28,705.79,120.0
High Demand,166,33641,960,18.12,81.88,385.75,724.11,373.02,711.89,120.0
High Demand,167,33642,960,16.15,83.85,382.88,705.74,370.31,697.36,120.0
High Demand,168,33643,960,18.12,81.88,373.83,698.94,361.36,687.49,120.0
High Demand,169,33644,960,16.77,83.23,385.25,710.28,372.68,699.14,120.0
High Demand,170,33645,960,17.71,82.29,387.61,720.27,374.91,710.17,120.0
High Demand,171,33646,960,16.98,83.02,386.15,710.69,373.53,702.09,120.0
High Demand,172,33647,960,16.77,83.23,391.55,728.92,378.73,719.83,120.0
High Demand,173,33648,960,18.23,81.77,371.14,692.69,358.72,682.41,120.0
High Demand,174,33649,960,15.94,84.06,387.05,722.7,374.28,712.8,120.0
High Demand,175,33650,960,16.25,83.75,385.21,715.68,372.53,704.16,120.0
High Demand,176,33651,960,17.29,82.71,385.6,722.05,372.89,713.22,120.0
High Demand,177,33652,960,18.44,81.56,386.66,728.62,373.86,718.21,120.0
High Demand,178,33653,960,18.02,81.98,384.12,707.64,371.54,694.39,120.0
High Demand,179,33654,960,16.67,83.33,381.89,703.55,369.35,690.59,120.0
High Demand,180,33655,960,17.81,82.19,387.36,720.45,374.61,712.1,120.0
High Demand,181,33656,960,16.35,83.65,381.13,703.3,368.6,691.67,120.0
High Demand,182,33657,960,16.35,83.65,387.81,716.74,375.11,707.03,120.0
High Demand,183,33658,960,16.56,83.44,384.12,706.64,371.56,696.25,120.0
High Demand,184,33659,960,17.6,82.4,382.99,710.99,370.4,699.39,120.0
High Demand,185,33660,960,17.4,82.6,380.17,705.57,367.6,695.15,120.0
High Demand,186,33661,960,16.35,83.65,386.74,720.73,374.0,710.6,120.0
High Demand,187,33662,960,17.4,82.6,384.2,714.41,371.56,705.57,120.0
High Demand,188,33663,960,17.19,82.81,386.09,713.57,373.43,705.19,120.0
High Demand,189,33664,960,17.08,82.92,382.9,705.15,370.31,696.15,120.0
High Demand,190,33665,960,15.94,84.06,391.66,718.25,379.0,707.28,120.0
High Demand,191,33666,960,18.23,81.77,378.18,707.79,365.59,698.62,120.0
High Demand,192,33667,960,16.88,83.12,387.01,716.58,374.34,705.83,120.0
High Demand,193,33668,960,18.02,81.98,380.01,701.24,367.48,691.72,120.0
High Demand,194,33669,960,16.35,83.65,383.01,709.42,370.41,698.17,120.0
High Demand,195,33670,960,14.58,85.42,387.23,709.66,374.61,699.68,120.0
High Demand,196,33671,960,17.81,82.19,384.82,718.88,372.1,708.94,120.0
High Demand,197,33672,960,18.02,81.98,383.16,711.07,370.56,699.67,120.0
High Demand,198,33673,960,17.81,82.19,379.56,711.57,366.91,700.97,120.0
High Demand,199,33674,960,17.6,82.4,385.77,723.11,373.04,710.92,120.0
Reduced Robots,0,33820,800,18.75,81.25,365.28,691.13,353.4,678.71,100.0
Reduced Robots,1,33821,800,19.12,80.88,358.16,676.49,346.39,665.39,100.0
Reduced Robots,2,33822,800,18.5,81.5,371.42,693.97,359.49,684.95,100.0
Reduced Robots,3,33823,800,19.12,80.88,365.9,689.02,354.02,678.93,100.0
Reduced Robots,4,33824,800,18.5,81.5,366.89,681.06,355.06,670.1,100.0
Reduced Robots,5,33825,800,18.12,81.88,377.97,709.31,365.88,699.56,100.0
Reduced Robots,6,33826,800,19.25,80.75,363.27,692.33,351.35,681.76,100.0
Reduced Robots,7,33827,800,18.75,81.25,360.31,682.92,348.46,669.91,100.0
Reduced Robots,8,33828,800,18.25,81.75,366.05,676.57,354.24,667.42,100.0
Reduced Robots,9,33829,800,18.75,81.25,368.72,676.58,356.96,667.08,100.0
Reduced Robots,10,33830,800,18.88,81.12,369.11,690.71,357.15,680.72,100.0
Reduced Robots,11,33831,800,19.12,80.88,367.51,695.64,355.58,685.88,100.0
Reduced Robots,12,33832,800,18.88,81.12,369.32,689.47,357.43,680.19,100.0
Reduced Robots,13,33833,800,18.5,81.5,367.58,687.15,355.72,676.3,100.0
Reduced Robots,14,33834,800,18.88,81.12,368.68,700.86,356.71,689.94,100.0
Reduced Robots,15,33835,800,18.88,81.12,361.87,683.25,350.04,672.06,100.0
Reduced Robots,16,33836,800,18.75,81.25,365.24,682.75,353.47,672.88,100.0
Reduced Robots,17,33837,800,19.5,80.5,356.16,673.81,344.39,663.99,100.0
Reduced Robots,18,33838,800,19.12,80.88,361.28,683.0,349.42,674.44,100.0
Reduced Robots,19,33839,800,18.75,81.25,364.02,683.03,352.18,672.36,100.0
Reduced Robots,20,33840,800,18.25,81.75,375.64,693.61,363.72,683.33,100.0
Reduced Robots,21,33841,800,18.75,81.25,375.02,696.66,363.04,686.79,100.0
Reduced Robots,22,33842,800,18.5,81.5,373.89,691.51,361.97,680.62,100.0
Reduced Robots,23,33843,800,18.75,81.25,371.91,691.42,360.02,682.48,100.0
Reduced Robots,24,33844,800,18.75,81.25,365.86,677.16,354.09,665.88,100.0
Reduced Robots,25,33845,800,18.25,81.75,376.24,697.64,364.28,688.61,100.0
Reduced Robots,26,33846,800,18.5,81.5,370.36,686.7,358.51,678.36,100.0
Reduced Robots,27,33847,800,18.5,81.5,374.01,703.9,361.97,693.17,100.0
Reduced Robots,28,33848,800,19.5,80.5,357.26,672.96,345.53,663.42,100.0
Reduced Robots,29,33849,800,18.88,81.12,370.9,704.0,358.83,694.93,100.0
Reduced Robots,30,33850,800,18.88,81.12,363.7,680.67,351.84,669.86,100.0
Reduced Robots,31,33851,800,18.62,81.38,373.29,687.19,361.46,677.94,100.0
Reduced Robots,32,33852,800,18.88,81.12,365.57,676.41,353.81,666.76,100.0
Reduced Robots,33,33853,800,18.38,81.62,379.51,703.16,367.51,692.86,100.0
Reduced Robots,34,33854,800,18.5,81.5,372.69,697.63,360.74,688.14,100.0
Reduced Robots,35,33855,800,18.25,81.75,363.44,671.71,351.72,661.38,100.0
Reduced Robots,36,33856,800,18.75,81.25,367.33,692.28,355.43,680.8,100.0
Reduced Robots,37,33857,800,19.0,81.0,373.27,707.03,361.23,697.03,100.0
Reduced Robots,38,33858,800,18.62,81.38,369.48,686.99,357.63,677.99,100.0
Reduced Robots,39,33859,800,18.25,81.75,372.86,691.25,360.93,682.31,100.0
Reduced Robots,40,33860,800,18.12,81.88,372.46,691.16,360.53,680.69,100.0
Reduced Robots,41,33861,800,18.25,81.75,368.49,685.13,356.64,675.07,100.0
Reduced Robots,42,33862,800,18.38,81.62,370.09,686.27,358.23,673.63,100.0
Reduced Robots,43,33863,800,18.38,81.62,377.02,706.74,364.95,698.24,100.0
Reduced Robots,44,33864,800,18.75,81.25,368.76,689.24,356.86,679.13,100.0
Reduced Robots,45,33865,800,18.38,81.62,368.58,691.5,356.66,679.74,100.0
Reduced Robots,46,33866,800,18.62,81.38,369.15,693.96,357.2,681.66,100.0
Reduced Robots,47,33867,800,18.5,81.5,374.2,689.4,362.3,677.52,100.0
Reduced Robots,48,33868,800,18.5,81.5,372.84,696.63,360.88,685.84,100.0
Reduced Robots,49,33869,800,19.25,80.75,370.57,707.57,358.47,699.23,100.0
Reduced Robots,50,33870,800,18.38,81.62,368.37,685.71,356.48,676.55,100.0
Reduced Robots,51,33871,800,18.88,81.12,372.03,700.75,360.03,690.75,100.0
Reduced Robots,52,33872,800,18.5,81.5,362.68,687.69,350.82,675.35,100.0
Reduced Robots,53,33873,800,18.75,81.25,372.05,701.47,360.03,693.63,100.0
Reduced Robots,54,33874,800,19.12,80.88,371.94,692.96,360.01,682.11,100.0
Reduced Robots,55,33875,800,19.12,80.88,368.0,691.93,356.09,681.93,100.0
Reduced Robots,56,33876,800,18.38,81.62,374.02,699.16,362.06,686.53,100.0
Reduced Robots,57,33877,800,17.62,82.38,387.44,721.48,375.17,712.97,100.0
Reduced Robots,58,33878,800,17.25,82.75,390.71,720.41,378.47,709.7,100.0
Reduced Robots,59,33879,800,19.0,81.0,356.85,673.12,345.13,664.04,100.0
Reduced Robots,60,33880,800,19.0,81.0,365.32,682.73,353.51,673.45,100.0
Reduced Robots,61,33881,800,18.62,81.38,365.33,687.94,353.45,676.35,100.0
Reduced Robots,62,33882,800,18.75,81.25,369.28,696.29,357.3,685.92,100.0
Reduced Robots,63,33883,800,18.62,81.38,366.88,681.52,355.05,672.18,100.0
Reduced Robots,64,33884,800,18.38,81.62,370.45,698.55,358.44,686.94,100.0
Reduced Robots,65,33885,800,18.75,81.25,378.62,709.27,366.56,700.7,100.0
Reduced Robots,66,33886,800,18.5,81.5,381.06,701.5,369.03,692.3,100.0
Reduced Robots,67,33887,800,18.38,81.62,376.27,707.76,364.2,697.13,100.0
Reduced Robots,68,33888,800,18.88,81.12,368.26,694.86,356.33,685.56,100.0
Reduced Robots,69,33889,800,18.38,81.62,378.64,707.02,366.61,698.04,100.0
Reduced Robots,70,33890,800,17.88,82.12,372.43,689.35,360.55,680.9,100.0
Reduced Robots,71,33891,800,18.75,81.25,372.49,697.24,360.51,684.89,100.0
Reduced Robots,72,33892,800,18.88,81.12,367.09,682.12,355.3,673.06,100.0
Reduced Robots,73,33893,800,19.25,80.75,363.94,686.37,352.05,677.19,100.0
Reduced Robots,74,33894,800,19.25,80.75,365.27,686.32,353.41,676.37,100.0
Reduced Robots,75,33895,800,18.88,81.12,369.06,690.03,357.09,681.05,100.0
Reduced Robots,76,33896,800,17.75,82.25,387.02,711.58,374.93,700.25,100.0
Reduced Robots,77,33897,800,19.0,81.0,368.67,691.13,356.78,680.76,100.0
Reduced Robots,78,33898,800,18.62,81.38,375.06,695.25,363.11,685.79,100.0
Reduced Robots,79,33899,800,18.25,81.75,367.85,682.37,356.01,674.24,100.0
Reduced Robots,80,33900,800,18.5,81.5,367.53,685.42,355.66,676.03,100.0
Reduced Robots,81,33901,800,18.0,82.0,376.92,705.86,364.86,693.97,100.0
Reduced Robots,82,33902,800,18.5,81.5,367.13,680.25,355.34,667.73,100.0
Reduced Robots,83,33903,800,18.88,81.12,371.81,697.17,359.86,685.56,100.0
Reduced Robots,84,33904,800,18.75,81.25,370.82,692.84,358.88,682.96,100.0
Reduced Robots,85,33905,800,18.25,81.75,381.48,708.84,369.37,700.07,100.0
Reduced Robots,86,33906,800,18.62,81.38,369.66,693.82,357.71,683.51,100.0
Reduced Robots,87,33907,800,18.88,81.12,362.21,682.21,350.4,673.16,100.0
Reduced Robots,88,33908,800,18.5,81.5,368.22,684.46,356.41,674.97,100.0
Reduced Robots,89,33909,800,18.88,81.12,372.32,703.9,360.29,693.96,100.0
Reduced Robots,90,33910,800,17.88,82.12,374.33,696.76,362.33,687.77,100.0
Reduced Robots,91,33911,800,18.62,81.38,375.77,705.78,363.72,693.85,100.0
Reduced Robots,92,33912,800,18.88,81.12,356.35,663.34,344.69,654.46,100.0
Reduced Robots,93,33913,800,18.62,81.38,379.42,704.93,367.36,697.11,100.0
Reduced Robots,94,33914,800,19.12,80.88,369.64,699.16,357.66,689.54,100.0
Reduced Robots,95,33915,800,19.62,80.38,356.37,679.96,344.58,669.77,100.0
Reduced Robots,96,33916,800,17.88,82.12,378.59,695.33,366.56,684.66,100.0
Reduced Robots,97,33917,800,19.25,80.75,361.17,693.92,349.19,683.81,100.0
Reduced Robots,98,33918,800,18.25,81.75,375.12,698.24,363.16,689.46,100.0
Reduced Robots,99,33919,800,18.12,81.88,367.81,685.09,355.98,673.82,100.0
Reduced Robots,100,33920,800,18.5,81.5,367.05,687.96,355.15,676.12,100.0
Reduced Robots,101,33921,800,19.25,80.75,361.85,681.01,350.02,670.86,100.0
Reduced Robots,102,33922,800,18.88,81.12,361.08,676.61,349.34,664.82,100.0
Reduced Robots,103,33923,800,19.0,81.0,361.25,681.32,349.43,670.06,100.0
Reduced Robots,104,33924,800,17.88,82.12,379.75,700.62,367.73,690.43,100.0
Reduced Robots,105,33925,800,18.88,81.12,371.81,692.19,359.91,680.23,100.0
Reduced Robots,106,33926,800,18.38,81.62,371.68,696.66,359.68,684.59,100.0
Reduced Robots,107,33927,800,18.12,81.88,385.7,724.75,373.46,714.55,100.0
Reduced Robots,108,33928,800,18.88,81.12,366.58,690.7,354.69,679.93,100.0
Reduced Robots,109,33929,800,19.0,81.0,359.15,675.61,347.38,665.96,100.0
Reduced Robots,110,33930,800,18.75,81.25,356.99,669.57,345.27,658.68,100.0
Reduced Robots,111,33931,800,19.25,80.75,353.16,669.1,341.44,659.6,100.0
Reduced Robots,112,33932,800,18.62,81.38,362.36,676.74,350.58,666.09,100.0
Reduced Robots,113,33933,800,18.88,81.12,369.32,690.66,357.39,680.52,100.0
Reduced Robots,114,33934,800,18.88,81.12,364.31,690.79,352.41,677.45,100.0
Reduced Robots,115,33935,800,18.12,81.88,377.21,690.51,365.29,681.0,100.0
Reduced Robots,116,33936,800,18.5,81.5,368.26,681.83,356.44,673.29,100.0
Reduced Robots,117,33937,800,17.88,82.12,371.97,686.35,360.09,676.75,100.0
Reduced Robots,118,33938,800,18.62,81.38,377.55,712.48,365.41,702.59,100.0
Reduced Robots,119,33939,800,18.75,81.25,364.69,690.61,352.8,679.92,100.0
Reduced Robots,120,33940,800,18.62,81.38,369.57,691.95,357.65,679.78,100.0
Reduced Robots,121,33941,800,18.38,81.62,378.43,703.62,366.42,693.03,100.0
Reduced Robots,122,33942,800,19.0,81.0,368.39,685.15,356.49,676.2,100.0
Reduced Robots,123,33943,800,18.5,81.5,373.86,704.69,361.83,693.36,100.0
Reduced Robots,124,33944,800,18.38,81.62,366.76,683.89,354.89,672.5,100.0
Reduced Robots,125,33945,800,18.62,81.38,368.68,690.58,356.77,682.18,100.0
Reduced Robots,126,33946,800,18.62,81.38,365.09,684.65,353.25,675.33,100.0
Reduced Robots,127,33947,800,18.88,81.12,358.63,671.84,346.89,661.61,100.0
Reduced Robots,128,33948,800,18.75,81.25,370.17,701.04,358.17,690.67,100.0
Reduced Robots,129,33949,800,19.0,81.0,360.7,682.88,348.89,672.9,100.0
Reduced Robots,130,33950,800,17.0,83.0,377.83,702.86,365.81,695.28,100.0
Reduced Robots,131,33951,800,18.75,81.25,369.37,681.27,357.57,669.76,100.0
Reduced Robots,132,33952,800,17.88,82.12,374.91,695.05,362.93,685.71,100.0
Reduced Robots,133,33953,800,18.75,81.25,372.06,704.24,359.99,691.32,100.0
Reduced Robots,134,33954,800,18.62,81.38,372.7,703.89,360.65,694.37,100.0
Reduced Robots,135,33955,800,19.25,80.75,359.79,669.52,348.1,660.51,100.0
Reduced Robots,136,33956,800,18.88,81.12,369.21,685.29,357.33,675.64,100.0
Reduced Robots,137,33957,800,18.88,81.12,372.11,701.48,360.11,692.38,100.0
Reduced Robots,138,33958,800,19.0,81.0,355.13,668.44,343.41,657.49,100.0
Reduced Robots,139,33959,800,18.75,81.25,365.26,687.47,353.37,677.98,100.0
Reduced Robots,140,33960,800,18.25,81.75,381.01,706.54,368.9,694.15,100.0
Reduced Robots,141,33961,800,19.62,80.38,357.92,682.2,346.11,673.0,100.0
Reduced Robots,142,33962,800,19.5,80.5,353.32,664.26,341.62,656.19,100.0
Reduced Robots,143,33963,800,17.5,82.5,383.89,713.89,371.75,705.32,100.0
Reduced Robots,144,33964,800,19.12,80.88,359.41,684.25,347.51,674.99,100.0
Reduced Robots,145,33965,800,18.5,81.5,364.37,688.47,352.48,677.37,100.0
Reduced Robots,146,33966,800,18.5,81.5,376.9,702.63,364.86,691.15,100.0
Reduced Robots,147,33967,800,18.75,81.25,374.53,695.74,362.55,684.49,100.0
Reduced Robots,148,33968,800,18.62,81.38,365.62,679.75,353.79,668.27,100.0
Reduced Robots,149,33969,800,18.5,81.5,375.69,698.82,363.68,689.33,100.0
Reduced Robots,150,33970,800,18.5,81.5,381.86,716.13,369.65,705.89,100.0
Reduced Robots,151,33971,800,18.75,81.25,372.3,693.41,360.36,681.37,100.0
Reduced Robots,152,33972,800,18.38,81.62,375.72,697.96,363.74,690.63,100.0
Reduced Robots,153,33973,800,17.75,82.25,373.36,686.61,361.52,677.5,100.0
Reduced Robots,154,33974,800,18.5,81.5,370.5,695.29,358.57,684.75,100.0
Reduced Robots,155,33975,800,18.25,81.75,382.16,712.01,370.03,700.95,100.0
Reduced Robots,156,33976,800,18.75,81.25,365.59,680.33,353.81,670.17,100.0
Reduced Robots,157,33977,800,18.12,81.88,375.46,698.94,363.39,690.08,100.0
Reduced Robots,158,33978,800,19.38,80.62,367.5,693.87,355.58,685.62,100.0
Reduced Robots,159,33979,800,18.88,81.12,368.76,691.78,356.87,679.47,100.0
Reduced Robots,160,33980,800,18.62,81.38,362.09,669.43,350.39,660.82,100.0
Reduced Robots,161,33981,800,18.62,81.38,368.1,684.51,356.24,675.4,100.0
Reduced Robots,162,33982,800,19.25,80.75,357.79,680.77,345.98,671.05,100.0
Reduced Robots,163,33983,800,18.38,81.62,368.9,692.18,357.0,683.56,100.0
Reduced Robots,164,33984,800,18.62,81.38,379.91,712.14,367.79,700.02,100.0
Reduced Robots,165,33985,800,18.12,81.88,371.71,679.01,359.95,668.12,100.0
Reduced Robots,166,33986,800,18.0,82.0,384.23,711.67,372.12,699.34,100.0
Reduced Robots,167,33987,800,19.38,80.62,359.22,687.38,347.35,676.7,100.0
Reduced Robots,168,33988,800,18.88,81.12,369.53,697.03,357.57,686.19,100.0
Reduced Robots,169,33989,800,18.5,81.5,367.91,677.69,356.11,668.08,100.0
Reduced Robots,170,33990,800,18.25,81.75,366.99,689.73,355.09,680.85,100.0
Reduced Robots,171,33991,800,18.5,81.5,371.22,686.71,359.36,676.11,100.0
Reduced Robots,172,33992,800,18.25,81.75,375.76,697.4,363.82,686.74,100.0
Reduced Robots,173,33993,800,18.75,81.25,373.01,701.56,360.99,691.06,100.0
Reduced Robots,174,33994,800,18.88,81.12,370.11,698.45,358.07,689.62,100.0
Reduced Robots,175,33995,800,18.88,81.12,369.33,706.51,357.29,696.26,100.0
Reduced Robots,176,33996,800,17.38,82.62,380.79,700.68,368.77,691.04,100.0
Reduced Robots,177,33997,800,18.88,81.12,370.8,696.87,358.78,689.22,100.0
Reduced Robots,178,33998,800,18.88,81.12,362.31,684.71,350.43,672.6,100.0
Reduced Robots,179,33999,800,17.75,82.25,381.42,707.33,369.31,696.68,100.0
Reduced Robots,180,34000,800,17.88,82.12,382.17,706.46,370.11,695.39,100.0
Reduced Robots,181,34001,800,18.75,81.25,358.95,674.31,347.19,665.16,100.0
Reduced Robots,182,34002,800,18.88,81.12,366.37,686.1,354.48,673.87,100.0
Reduced Robots,183,34003,800,18.62,81.38,373.26,705.22,361.21,696.27,100.0
Reduced Robots,184,34004,800,18.62,81.38,374.4,692.08,362.44,682.4,100.0
Reduced Robots,185,34005,800,17.75,82.25,381.56,701.82,369.55,693.43,100.0
Reduced Robots,186,34006,800,18.5,81.5,371.98,692.74,360.1,683.94,100.0
Reduced Robots,187,34007,800,19.0,81.0,366.51,686.23,354.62,674.93,100.0
Reduced Robots,188,34008,800,19.25,80.75,363.74,687.82,351.82,675.75,100.0
Reduced Robots,189,34009,800,18.5,81.5,377.8,703.03,365.77,693.01,100.0
Reduced Robots,190,34010,800,19.0,81.0,368.67,686.77,356.8,677.86,100.0
Reduced Robots,191,34011,800,18.62,81.38,371.53,694.15,359.59,682.77,100.0
Reduced Robots,192,34012,800,19.25,80.75,365.79,698.51,353.78,688.06,100.0
Reduced Robots,193,34013,800,18.38,81.62,371.62,702.33,359.56,693.52,100.0
Reduced Robots,194,34014,800,18.38,81.62,373.77,696.34,361.82,686.96,100.0
Reduced Robots,195,34015,800,18.62,81.38,369.96,692.07,358.08,682.94,100.0
Reduced Robots,196,34016,800,19.62,80.38,359.19,682.57,347.38,669.44,100.0
Reduced Robots,197,34017,800,18.88,81.12,363.89,688.51,351.99,680.14,100.0
Reduced Robots,198,34018,800,18.0,82.0,386.6,720.17,374.37,709.25,100.0
Reduced Robots,199,34019,800,19.12,80.88,356.55,671.78,344.78,657.57,100.0
High Faults,0,81790,800,25.12,74.88,250.8,464.0,238.86,452.11,100.0
High Faults,1,81791,800,25.37,74.62,258.14,481.59,246.04,470.54,100.0
High Faults,2,81792,800,25.37,74.62,256.83,474.96,244.8,465.49,100.0
High Faults,3,81793,800,25.0,75.0,249.44,460.2,237.55,451.3,100.0
High Faults,4,81794,800,25.25,74.75,250.21,462.35,238.3,453.0,100.0
High Faults,5,81795,800,25.37,74.62,257.47,476.41,245.38,466.79,100.0
High Faults,6,81796,800,25.12,74.88,255.71,470.56,243.7,460.8,100.0
High Faults,7,81797,800,24.75,75.25,261.15,482.82,249.0,471.28,100.0
High Faults,8,81798,800,26.0,74.0,248.9,461.64,236.99,450.08,100.0
High Faults,9,81799,800,24.75,75.25,255.52,464.95,243.62,455.34,100.0
High Faults,10,81800,800,26.62,73.38,244.28,460.31,232.45,449.91,100.0
High Faults,11,81801,800,23.75,76.25,264.32,478.66,252.22,468.1,100.0
High Faults,12,81802,800,24.62,75.38,260.44,477.0,248.36,467.45,100.0
High Faults,13,81803,800,24.62,75.38,259.79,474.51,247.71,464.88,100.0
High Faults,14,81804,800,24.0,76.0,264.09,477.6,252.01,466.03,100.0
High Faults,15,81805,800,24.75,75.25,261.27,483.83,249.13,474.64,100.0
High Faults,16,81806,800,25.25,74.75,254.95,464.35,243.06,453.73,100.0
High Faults,17,81807,800,25.0,75.0,256.4,476.52,244.33,467.15,100.0
High Faults,18,81808,800,25.25,74.75,259.91,486.69,247.75,476.51,100.0
High Faults,19,81809,800,24.38,75.62,262.31,487.2,250.11,474.91,100.0
High Faults,20,81810,800,25.75,74.25,243.93,448.17,232.2,437.04,100.0
High Faults,21,81811,800,23.88,76.12,264.58,483.45,252.45,474.66,100.0
High Faults,22,81812,800,25.62,74.38,255.47,471.23,243.47,462.77,100.0
High Faults,23,81813,800,24.0,76.0,261.92,483.59,249.81,472.91,100.0
High Faults,24,81814,800,25.5,74.5,254.42,475.74,242.35,465.16,100.0
High Faults,25,81815,800,24.62,75.38,261.13,483.56,249.02,472.69,100.0
High Faults,26,81816,800,24.88,75.12,252.17,463.95,240.22,454.25,100.0
High Faults,27,81817,800,25.37,74.62,250.21,458.17,238.38,445.08,100.0
High Faults,28,81818,800,25.25,74.75,250.27,472.18,238.3,463.9,100.0
High Faults,29,81819,800,24.88,75.12,250.06,461.94,238.16,451.76,100.0
High Faults,30,81820,800,25.37,74.62,258.95,487.81,246.72,474.81,100.0
High Faults,31,81821,800,24.62,75.38,258.87,473.78,246.86,461.84,100.0
High Faults,32,81822,800,24.88,75.12,256.41,473.15,244.38,462.15,100.0
High Faults,33,81823,800,25.37,74.62,252.97,474.34,240.99,464.9,100.0
High Faults,34,81824,800,24.62,75.38,262.04,477.2,249.97,466.76,100.0
High Faults,35,81825,800,25.5,74.5,255.45,480.7,243.35,469.68,100.0
High Faults,36,81826,800,24.25,75.75,265.48,491.41,253.2,480.7,100.0
High Faults,37,81827,800,25.37,74.62,256.6,477.91,244.52,468.59,100.0
High Faults,38,81828,800,26.38,73.62,250.51,466.6,238.56,457.72,100.0
High Faults,39,81829,800,24.75,75.25,260.36,480.73,248.29,471.44,100.0
High Faults,40,81830,800,24.5,75.5,258.97,473.54,246.96,462.52,100.0
High Faults,41,81831,800,24.25,75.75,258.82,474.25,246.79,463.47,100.0
High Faults,42,81832,800,24.75,75.25,256.67,475.47,244.6,463.62,100.0
High Faults,43,81833,800,23.38,76.62,271.14,495.86,258.88,484.8,100.0
High Faults,44,81834,800,24.38,75.62,258.79,472.94,246.73,460.93,100.0
High Faults,45,81835,800,25.0,75.0,258.59,478.83,246.53,468.7,100.0
High Faults,46,81836,800,23.88,76.12,258.79,472.95,246.79,460.97,100.0
High Faults,47,81837,800,24.25,75.75,260.77,479.34,248.67,467.77,100.0
High Faults,48,81838,800,24.88,75.12,255.41,469.67,243.4,459.02,100.0
High Faults,49,81839,800,25.12,74.88,260.42,482.61,248.28,471.72,100.0
High Faults,50,81840,800,24.12,75.88,259.23,474.18,247.2,464.16,100.0
High Faults,51,81841,800,24.0,76.0,262.61,480.64,250.48,471.76,100.0
High Faults,52,81842,800,24.25,75.75,261.37,480.49,249.26,469.34,100.0
High Faults,53,81843,800,25.0,75.0,255.57,470.28,243.57,459.16,100.0
High Faults,54,81844,800,25.12,74.88,252.05,467.27,240.08,456.97,100.0
High Faults,55,81845,800,24.12,75.88,265.8,487.96,253.58,477.34,100.0
High Faults,56,81846,800,24.88,75.12,252.77,468.45,240.8,458.68,100.0
High Faults,57,81847,800,25.12,74.88,254.01,461.6,242.15,452.08,100.0
High Faults,58,81848,800,26.12,73.88,244.54,456.58,232.74,446.87,100.0
High Faults,59,81849,800,25.12,74.88,253.72,466.49,241.82,456.63,100.0
High Faults,60,81850,800,25.25,74.75,250.54,462.62,238.7,452.52,100.0
High Faults,61,81851,800,26.25,73.75,251.27,463.01,239.34,452.85,100.0
High Faults,62,81852,800,25.12,74.88,249.59,464.98,237.7,455.22,100.0
High Faults,63,81853,800,26.25,73.75,241.61,450.39,229.83,440.11,100.0
High Faults,64,81854,800,25.37,74.62,254.16,474.3,242.13,465.08,100.0
High Faults,65,81855,800,25.12,74.88,253.37,470.06,241.4,459.56,100.0
High Faults,66,81856,800,26.0,74.0,250.86,471.5,238.9,461.33,100.0
High Faults,67,81857,800,25.37,74.62,251.99,467.72,240.03,457.75,100.0
High Faults,68,81858,800,24.88,75.12,261.18,482.39,249.07,471.36,100.0
High Faults,69,81859,800,24.75,75.25,261.78,487.2,249.56,475.64,100.0
High Faults,70,81860,800,25.37,74.62,255.04,479.11,242.95,468.82,100.0
High Faults,71,81861,800,24.25,75.75,256.8,470.49,244.82,460.33,100.0
High Faults,72,81862,800,24.5,75.5,259.65,478.06,247.51,467.86,100.0
High Faults,73,81863,800,25.25,74.75,252.5,466.23,240.59,457.0,100.0
High Faults,74,81864,800,24.5,75.5,261.49,480.84,249.35,471.1,100.0
High Faults,75,81865,800,24.62,75.38,259.78,481.85,247.65,470.8,100.0
High Faults,76,81866,800,25.37,74.62,257.38,478.49,245.32,469.07,100.0
High Faults,77,81867,800,24.5,75.5,255.07,465.55,243.16,455.55,100.0
High Faults,78,81868,800,24.75,75.25,259.94,477.15,247.9,465.13,100.0
High Faults,79,81869,800,24.62,75.38,257.83,477.1,245.71,466.72,100.0
High Faults,80,81870,800,25.25,74.75,251.63,462.23,239.73,453.38,100.0
High Faults,81,81871,800,25.62,74.38,249.57,472.03,237.58,461.08,100.0
High Faults,82,81872,800,24.12,75.88,256.02,460.85,244.16,449.35,100.0
High Faults,83,81873,800,25.0,75.0,251.44,472.3,239.5,461.83,100.0
High Faults,84,81874,800,25.37,74.62,255.33,472.12,243.33,463.11,100.0
High Faults,85,81875,800,24.62,75.38,256.43,471.93,244.4,462.34,100.0
High Faults,86,81876,800,24.0,76.0,263.99,486.41,251.76,474.65,100.0
High Faults,87,81877,800,25.75,74.25,256.68,474.54,244.64,462.67,100.0
High Faults,88,81878,800,25.5,74.5,246.8,451.62,235.03,440.38,100.0
High Faults,89,81879,800,24.25,75.75,263.27,479.69,251.18,469.47,100.0
High Faults,90,81880,800,23.88,76.12,262.64,483.66,250.46,473.99,100.0
High Faults,91,81881,800,26.12,73.88,248.58,469.81,236.63,459.05,100.0
High Faults,92,81882,800,24.75,75.25,253.23,464.79,241.3,455.83,100.0
High Faults,93,81883,800,24.5,75.5,257.64,475.85,245.53,465.36,100.0
High Faults,94,81884,800,25.0,75.0,250.95,457.66,239.12,446.38,100.0
High Faults,95,81885,800,24.88,75.12,258.68,485.06,246.5,475.4,100.0
High Faults,96,81886,800,25.75,74.25,249.58,454.82,237.81,444.84,100.0
High Faults,97,81887,800,24.38,75.62,258.15,480.52,246.05,468.05,100.0
High Faults,98,81888,800,24.88,75.12,256.81,470.83,244.81,461.79,100.0
High Faults,99,81889,800,24.62,75.38,257.34,471.8,245.3,461.22,100.0
High Faults,100,81890,800,24.5,75.5,262.74,489.94,250.49,479.52,100.0
High Faults,101,81891,800,25.12,74.88,260.08,483.29,247.93,473.08,100.0
High Faults,102,81892,800,26.0,74.0,248.18,465.19,236.25,455.26,100.0
High Faults,103,81893,800,24.88,75.12,256.76,470.77,244.8,460.1,100.0
High Faults,104,81894,800,24.88,75.12,251.26,465.24,239.35,455.03,100.0
High Faults,105,81895,800,25.37,74.62,253.65,467.4,241.72,455.99,100.0
High Faults,106,81896,800,24.88,75.12,255.67,468.42,243.73,456.33,100.0
High Faults,107,81897,800,25.12,74.88,256.46,470.74,244.52,461.41,100.0
High Faults,108,81898,800,25.5,74.5,251.44,466.55,239.53,457.53,100.0
High Faults,109,81899,800,24.62,75.38,257.39,474.62,245.35,465.56,100.0
High Faults,110,81900,800,24.75,75.25,262.83,491.67,250.55,480.1,100.0
High Faults,111,81901,800,25.0,75.0,256.44,472.27,244.42,462.27,100.0
High Faults,112,81902,800,24.75,75.25,258.74,475.87,246.68,464.92,100.0
High Faults,113,81903,800,24.5,75.5,262.95,490.39,250.73,479.44,100.0
High Faults,114,81904,800,25.5,74.5,255.73,478.9,243.68,469.5,100.0
High Faults,115,81905,800,23.62,76.38,263.04,476.6,250.99,466.86,100.0
High Faults,116,81906,800,24.25,75.75,262.59,482.65,250.46,471.3,100.0
High Faults,117,81907,800,23.75,76.25,255.86,460.42,244.0,448.25,100.0
High Faults,118,81908,800,24.0,76.0,261.21,472.22,249.21,462.75,100.0
High Faults,119,81909,800,24.88,75.12,251.46,460.64,239.59,449.73,100.0
High Faults,120,81910,800,25.12,74.88,252.87,464.53,240.99,453.9,100.0
High Faults,121,81911,800,23.75,76.25,262.05,474.14,249.99,462.41,100.0
High Faults,122,81912,800,24.75,75.25,257.64,471.95,245.6,462.91,100.0
High Faults,123,81913,800,25.5,74.5,255.0,473.21,242.94,463.62,100.0
High Faults,124,81914,800,25.5,74.5,254.98,467.8,242.97,456.47,100.0
High Faults,125,81915,800,24.12,75.88,259.74,477.66,247.64,466.15,100.0
High Faults,126,81916,800,24.75,75.25,253.41,462.92,241.54,451.92,100.0
High Faults,127,81917,800,24.5,75.5,260.51,483.7,248.38,473.8,100.0
High Faults,128,81918,800,24.88,75.12,257.33,476.25,245.28,466.99,100.0
High Faults,129,81919,800,25.0,75.0,261.48,491.89,249.27,481.9,100.0
High Faults,130,81920,800,25.37,74.62,249.7,468.35,237.71,456.95,100.0
High Faults,131,81921,800,25.37,74.62,253.55,471.1,241.55,462.55,100.0
High Faults,132,81922,800,25.25,74.75,252.57,472.61,240.57,462.2,100.0
High Faults,133,81923,800,24.38,75.62,257.49,478.05,245.42,468.0,100.0
High Faults,134,81924,800,24.88,75.12,259.58,475.34,247.53,465.74,100.0
High Faults,135,81925,800,24.5,75.5,259.47,477.65,247.44,468.2,100.0
High Faults,136,81926,800,24.88,75.12,259.68,478.68,247.61,468.67,100.0
High Faults,137,81927,800,24.62,75.38,255.2,466.22,243.26,455.23,100.0
High Faults,138,81928,800,24.88,75.12,256.97,471.18,245.01,461.8,100.0
High Faults,139,81929,800,24.5,75.5,255.97,470.64,243.95,458.08,100.0
High Faults,140,81930,800,23.88,76.12,263.2,473.23,251.17,462.73,100.0
High Faults,141,81931,800,25.5,74.5,252.47,469.4,240.46,458.6,100.0
High Faults,142,81932,800,24.38,75.62,258.67,474.57,246.65,465.8,100.0
High Faults,143,81933,800,26.25,73.75,247.62,463.98,235.7,453.49,100.0
High Faults,144,81934,800,25.5,74.5,249.52,463.57,237.63,453.91,100.0
High Faults,145,81935,800,25.37,74.62,258.27,474.22,246.2,463.08,100.0
High Faults,146,81936,800,24.62,75.38,257.7,475.01,245.65,465.07,100.0
High Faults,147,81937,800,25.0,75.0,253.46,465.65,241.51,457.14,100.0
High Faults,148,81938,800,25.37,74.62,254.25,469.52,242.24,460.04,100.0
High Faults,149,81939,800,26.0,74.0,252.98,479.25,240.91,468.16,100.0
High Faults,150,81940,800,25.25,74.75,251.14,461.14,239.29,451.86,100.0
High Faults,151,81941,800,25.37,74.62,254.54,471.94,242.51,460.18,100.0
High Faults,152,81942,800,24.5,75.5,256.77,466.97,244.79,457.16,100.0
High Faults,153,81943,800,25.5,74.5,255.0,473.72,242.96,463.69,100.0
High Faults,154,81944,800,24.38,75.62,265.79,492.03,253.51,481.11,100.0
High Faults,155,81945,800,24.5,75.5,259.08,477.92,247.02,468.67,100.0
High Faults,156,81946,800,24.12,75.88,262.1,478.15,250.05,469.75,100.0
High Faults,157,81947,800,23.38,76.62,277.12,501.54,264.74,492.08,100.0
High Faults,158,81948,800,24.75,75.25,252.18,462.18,240.3,452.35,100.0
High Faults,159,81949,800,24.75,75.25,263.29,486.97,251.13,477.95,100.0
High Faults,160,81950,800,24.88,75.12,257.39,474.35,245.33,465.58,100.0
High Faults,161,81951,800,24.88,75.12,259.85,482.85,247.72,471.85,100.0
High Faults,162,81952,800,24.0,76.0,265.42,486.01,253.21,477.3,100.0
High Faults,163,81953,800,25.25,74.75,254.99,477.34,242.91,466.15,100.0
High Faults,164,81954,800,25.87,74.12,256.41,484.35,244.24,471.01,100.0
High Faults,165,81955,800,24.75,75.25,255.62,463.82,243.73,453.56,100.0
High Faults,166,81956,800,25.37,74.62,249.91,458.87,238.05,449.25,100.0
High Faults,167,81957,800,24.0,76.0,266.19,485.7,253.98,473.35,100.0
High Faults,168,81958,800,25.0,75.0,253.0,465.05,241.06,452.12,100.0
High Faults,169,81959,800,24.62,75.38,259.74,473.23,247.71,461.72,100.0
High Faults,170,81960,800,25.25,74.75,258.75,477.57,246.67,466.56,100.0
High Faults,171,81961,800,25.5,74.5,252.58,474.33,240.55,464.58,100.0
High Faults,172,81962,800,25.0,75.0,257.25,480.93,245.09,470.6,100.0
High Faults,173,81963,800,24.5,75.5,258.93,475.59,246.91,463.58,100.0
High Faults,174,81964,800,26.0,74.0,248.32,468.5,236.36,456.17,100.0
High Faults,175,81965,800,24.88,75.12,257.77,482.63,245.62,471.17,100.0
High Faults,176,81966,800,26.38,73.62,242.68,457.7,230.76,447.92,100.0
High Faults,177,81967,800,26.12,73.88,243.1,455.92,231.27,443.14,100.0
High Faults,178,81968,800,24.88,75.12,254.37,473.51,242.33,464.0,100.0
High Faults,179,81969,800,25.0,75.0,244.94,449.1,233.24,438.42,100.0
High Faults,180,81970,800,24.38,75.62,260.41,469.59,248.46,459.19,100.0
High Faults,181,81971,800,25.37,74.62,251.77,471.96,239.73,460.74,100.0
High Faults,182,81972,800,24.12,75.88,261.36,474.67,249.33,464.69,100.0
High Faults,183,81973,800,26.5,73.5,243.49,457.13,231.62,447.46,100.0
High Faults,184,81974,800,25.37,74.62,258.38,484.37,246.21,475.35,100.0
High Faults,185,81975,800,25.5,74.5,253.67,473.64,241.61,462.41,100.0
High Faults,186,81976,800,24.0,76.0,261.7,477.07,249.63,465.84,100.0
High Faults,187,81977,800,25.25,74.75,251.81,467.3,239.89,456.88,100.0
High Faults,188,81978,800,24.75,75.25,264.88,488.53,252.68,477.52,100.0
High Faults,189,81979,800,25.25,74.75,250.21,467.84,238.26,457.66,100.0
High Faults,190,81980,800,24.5,75.5,260.16,475.64,248.11,466.13,100.0
High Faults,191,81981,800,25.12,74.88,253.27,462.91,241.38,453.11,100.0
High Faults,192,81982,800,25.12,74.88,249.78,462.85,237.91,451.15,100.0
High Faults,193,81983,800,24.75,75.25,253.71,469.57,241.76,458.49,100.0
High Faults,194,81984,800,23.25,76.75,266.26,482.94,254.12,470.59,100.0
High Faults,195,81985,800,24.75,75.25,252.13,467.06,240.12,456.33,100.0
High Faults,196,81986,800,26.0,74.0,252.68,465.05,240.75,455.78,100.0
High Faults,197,81987,800,23.88,76.12,266.87,487.99,254.67,477.72,100.0
High Faults,198,81988,800,23.62,76.38,267.79,491.42,255.54,481.95,100.0
High Faults,199,81989,800,25.12,74.88,251.07,462.62,239.19,451.94,100.0
Optimized Flow,0,3135,760,30.26,69.74,203.38,371.42,192.17,362.56,95.0
Optimized Flow,1,3136,760,32.63,67.37,194.08,360.7,183.05,350.75,95.0
Optimized Flow,2,3137,760,30.53,69.47,203.67,363.92,192.55,354.86,95.0
Optimized Flow,3,3138,760,31.84,68.16,195.76,361.73,184.68,352.53,95.0
Optimized Flow,4,3139,760,32.89,67.11,192.91,361.9,181.84,350.99,95.0
Optimized Flow,5,3140,760,31.84,68.16,199.13,369.17,187.95,359.22,95.0
Optimized Flow,6,3141,760,33.42,66.58,195.38,369.79,184.16,361.4,95.0
Optimized Flow,7,3142,760,33.68,66.32,189.54,353.74,178.56,344.31,95.0
Optimized Flow,8,3143,760,33.82,66.18,191.28,360.81,180.17,351.26,95.0
Optimized Flow,9,3144,760,32.37,67.63,194.14,357.66,183.09,348.14,95.0
Optimized Flow,10,3145,760,29.47,70.53,208.21,379.55,196.9,370.53,95.0
Optimized Flow,11,3146,760,30.26,69.74,206.8,380.72,195.48,371.84,95.0
Optimized Flow,12,3147,760,30.39,69.61,209.82,388.58,198.41,378.66,95.0
Optimized Flow,13,3148,760,31.97,68.03,197.65,363.83,186.56,353.84,95.0
Optimized Flow,14,3149,760,31.84,68.16,198.9,365.46,187.78,355.41,95.0
Optimized Flow,15,3150,760,32.89,67.11,194.62,360.77,183.51,350.99,95.0
Optimized Flow,16,3151,760,32.5,67.5,198.67,370.35,187.49,361.52,95.0
Optimized Flow,17,3152,760,30.66,69.34,203.69,369.16,192.51,359.14,95.0
Optimized Flow,18,3153,760,31.97,68.03,195.79,360.37,184.71,351.48,95.0
Optimized Flow,19,3154,760,32.37,67.63,193.84,355.7,182.84,347.23,95.0
Optimized Flow,20,3155,760,30.53,69.47,211.22,389.71,199.79,379.2,95.0
Optimized Flow,21,3156,760,30.66,69.34,201.81,363.58,190.72,355.33,95.0
Optimized Flow,22,3157,760,30.26,69.74,201.53,361.64,190.42,351.42,95.0
Optimized Flow,23,3158,760,32.11,67.89,195.59,364.23,184.46,355.06,95.0
Optimized Flow,24,3159,760,32.11,67.89,197.92,360.33,186.86,351.01,95.0
Optimized Flow,25,3160,760,32.11,67.89,202.26,373.83,191.0,363.46,95.0
Optimized Flow,26,3161,760,31.97,68.03,196.32,362.6,185.2,351.65,95.0
Optimized Flow,27,3162,760,33.29,66.71,192.1,356.47,181.08,346.76,95.0
Optimized Flow,28,3163,760,32.24,67.76,195.88,360.48,184.82,350.33,95.0
Optimized Flow,29,3164,760,32.37,67.63,198.32,362.33,187.25,353.07,95.0
Optimized Flow,30,3165,760,30.39,69.61,204.5,372.83,193.29,363.83,95.0
Optimized Flow,31,3166,760,32.89,67.11,190.96,358.17,179.91,347.97,95.0
Optimized Flow,32,3167,760,32.76,67.24,193.54,358.22,182.52,347.33,95.0
Optimized Flow,33,3168,760,29.74,70.26,205.51,363.91,194.39,353.66,95.0
Optimized Flow,34,3169,760,33.03,66.97,192.97,356.53,181.96,347.23,95.0
Optimized Flow,35,3170,760,32.24,67.76,196.29,361.17,185.23,351.88,95.0
Optimized Flow,36,3171,760,31.58,68.42,204.4,380.22,193.08,371.19,95.0
Optimized Flow,37,3172,760,32.24,67.76,196.27,364.55,185.15,353.67,95.0
Optimized Flow,38,3173,760,31.71,68.29,201.54,376.03,190.28,366.28,95.0
Optimized Flow,39,3174,760,32.24,67.76,200.28,376.95,188.98,364.74,95.0
Optimized Flow,40,3175,760,29.21,70.79,211.25,385.07,199.87,375.06,95.0
Optimized Flow,41,3176,760,31.32,68.68,202.65,374.11,191.39,365.42,95.0
Optimized Flow,42,3177,760,32.76,67.24,196.12,364.99,184.96,354.72,95.0
Optimized Flow,43,3178,760,31.71,68.29,198.82,366.84,187.67,357.55,95.0
Optimized Flow,44,3179,760,32.24,67.76,198.18,364.06,187.03,352.7,95.0
Optimized Flow,45,3180,760,32.63,67.37,199.89,371.8,188.67,362.69,95.0
Optimized Flow,46,3181,760,30.39,69.61,203.35,371.04,192.15,360.28,95.0
Optimized Flow,47,3182,760,31.45,68.55,200.46,371.96,189.25,362.73,95.0
Optimized Flow,48,3183,760,31.18,68.82,201.58,369.11,190.37,360.64,95.0
Optimized Flow,49,3184,760,32.37,67.63,195.34,358.98,184.24,349.38,95.0
Optimized Flow,50,3185,760,29.08,70.92,207.82,375.41,196.54,364.58,95.0
Optimized Flow,51,3186,760,32.11,67.89,198.11,366.37,186.94,357.28,95.0
Optimized Flow,52,3187,760,32.24,67.76,202.22,370.83,190.98,360.72,95.0
Optimized Flow,53,3188,760,32.11,67.89,200.57,370.38,189.39,360.46,95.0
Optimized Flow,54,3189,760,32.5,67.5,196.44,366.39,185.28,356.22,95.0
Optimized Flow,55,3190,760,31.45,68.55,201.88,366.18,190.69,356.52,95.0
Optimized Flow,56,3191,760,32.5,67.5,196.55,364.58,185.41,354.97,95.0
Optimized Flow,57,3192,760,31.97,68.03,196.94,367.93,185.79,355.86,95.0
Optimized Flow,58,3193,760,31.45,68.55,203.23,377.84,191.92,368.24,95.0
Optimized Flow,59,3194,760,31.05,68.95,198.85,363.18,187.77,354.18,95.0
Optimized Flow,60,3195,760,31.97,68.03,199.81,365.35,188.66,356.14,95.0
Optimized Flow,61,3196,760,32.11,67.89,199.67,364.95,188.49,355.27,95.0
Optimized Flow,62,3197,760,31.58,68.42,194.86,351.16,183.9,340.91,95.0
Optimized Flow,63,3198,760,32.24,67.76,194.83,350.58,183.86,342.01,95.0
Optimized Flow,64,3199,760,33.55,66.45,188.86,354.1,177.89,345.52,95.0
Optimized Flow,65,3200,760,31.97,68.03,200.16,368.3,188.97,358.52,95.0
Optimized Flow,66,3201,760,31.18,68.82,199.28,364.74,188.13,354.67,95.0
Optimized Flow,67,3202,760,31.32,68.68,203.45,377.37,192.15,367.14,95.0
Optimized Flow,68,3203,760,34.08,65.92,188.67,351.45,177.74,342.29,95.0
Optimized Flow,69,3204,760,33.16,66.84,190.38,355.71,179.32,345.6,95.0
Optimized Flow,70,3205,760,31.71,68.29,199.1,365.83,187.95,355.94,95.0
Optimized Flow,71,3206,760,29.21,70.79,209.13,381.85,197.77,372.3,95.0
Optimized Flow,72,3207,760,30.92,69.08,206.18,378.68,194.84,370.6,95.0
Optimized Flow,73,3208,760,30.92,69.08,200.64,364.02,189.48,354.29,95.0
Optimized Flow,74,3209,760,31.58,68.42,194.8,357.3,183.77,348.14,95.0
Optimized Flow,75,3210,760,30.53,69.47,205.13,375.27,193.86,366.11,95.0
Optimized Flow,76,3211,760,33.16,66.84,192.93,356.13,181.86,346.17,95.0
Optimized Flow,77,3212,760,32.24,67.76,194.86,357.94,183.81,347.53,95.0
Optimized Flow,78,3213,760,31.84,68.16,197.05,367.97,185.87,357.63,95.0
Optimized Flow,79,3214,760,31.05,68.95,203.1,372.66,191.87,363.69,95.0
Optimized Flow,80,3215,760,31.32,68.68,201.63,367.21,190.47,355.52,95.0
Optimized Flow,81,3216,760,31.18,68.82,206.39,378.1,195.06,368.7,95.0
Optimized Flow,82,3217,760,32.63,67.37,197.76,369.54,186.57,358.74,95.0
Optimized Flow,83,3218,760,29.74,70.26,210.17,384.57,198.8,373.53,95.0
Optimized Flow,84,3219,760,34.47,65.53,188.98,360.87,177.91,350.71,95.0
Optimized Flow,85,3220,760,31.84,68.16,195.91,356.9,184.91,348.37,95.0
Optimized Flow,86,3221,760,32.11,67.89,198.34,362.44,187.26,353.01,95.0
Optimized Flow,87,3222,760,33.29,66.71,195.05,367.47,183.88,358.37,95.0
Optimized Flow,88,3223,760,29.08,70.92,207.71,373.52,196.46,363.26,95.0
Optimized Flow,89,3224,760,33.03,66.97,196.31,362.29,185.25,352.85,95.0
Optimized Flow,90,3225,760,31.58,68.42,200.03,365.2,188.91,356.28,95.0
Optimized Flow,91,3226,760,31.18,68.82,200.34,370.79,189.12,361.55,95.0
Optimized Flow,92,3227,760,31.71,68.29,203.77,375.17,192.46,364.68,95.0
Optimized Flow,93,3228,760,32.76,67.24,198.67,369.96,187.46,360.5,95.0
Optimized Flow,94,3229,760,31.84,68.16,198.27,365.56,187.14,356.71,95.0
Optimized Flow,95,3230,760,30.66,69.34,204.76,375.49,193.5,366.27,95.0
Optimized Flow,96,3231,760,30.26,69.74,201.97,367.9,190.75,359.17,95.0
Optimized Flow,97,3232,760,31.84,68.16,198.91,363.02,187.79,354.31,95.0
Optimized Flow,98,3233,760,31.32,68.68,200.23,367.29,189.08,357.89,95.0
Optimized Flow,99,3234,760,30.79,69.21,202.8,368.69,191.62,358.55,95.0
Optimized Flow,100,3235,760,31.84,68.16,199.3,369.25,188.09,359.87,95.0
Optimized Flow,101,3236,760,30.39,69.61,206.32,376.12,195.05,365.94,95.0
Optimized Flow,102,3237,760,31.05,68.95,200.5,366.31,189.37,357.39,95.0
Optimized Flow,103,3238,760,30.26,69.74,202.04,364.4,190.9,355.42,95.0
Optimized Flow,104,3239,760,30.39,69.61,203.83,373.75,192.59,364.41,95.0
Optimized Flow,105,3240,760,31.05,68.95,201.33,365.27,190.19,354.77,95.0
Optimized Flow,106,3241,760,31.45,68.55,203.26,374.13,192.01,363.64,95.0
Optimized Flow,107,3242,760,32.24,67.76,192.16,345.74,181.31,334.92,95.0
Optimized Flow,108,3243,760,30.26,69.74,204.42,375.17,193.19,365.04,95.0
Optimized Flow,109,3244,760,32.76,67.24,191.48,352.83,180.48,343.67,95.0
Optimized Flow,110,3245,760,31.58,68.42,197.66,361.66,186.57,351.72,95.0
Optimized Flow,111,3246,760,31.71,68.29,199.57,370.19,188.37,360.05,95.0
Optimized Flow,112,3247,760,29.47,70.53,206.69,376.94,195.42,366.12,95.0
Optimized Flow,113,3248,760,32.76,67.24,196.08,362.46,185.0,352.6,95.0
Optimized Flow,114,3249,760,30.39,69.61,202.53,367.45,191.38,357.57,95.0
Optimized Flow,115,3250,760,32.37,67.63,198.7,372.19,187.46,360.88,95.0
Optimized Flow,116,3251,760,32.89,67.11,198.15,371.11,186.92,360.48,95.0
Optimized Flow,117,3252,760,31.05,68.95,203.91,371.97,192.7,361.27,95.0
Optimized Flow,118,3253,760,30.53,69.47,200.17,369.55,188.97,359.09,95.0
Optimized Flow,119,3254,760,31.71,68.29,196.4,359.03,185.34,349.07,95.0
Optimized Flow,120,3255,760,30.53,69.47,202.43,369.76,191.23,358.06,95.0
Optimized Flow,121,3256,760,31.32,68.68,204.78,379.26,193.44,368.91,95.0
Optimized Flow,122,3257,760,30.26,69.74,204.05,372.0,192.8,361.84,95.0
Optimized Flow,123,3258,760,31.45,68.55,199.28,365.48,188.16,356.89,95.0
Optimized Flow,124,3259,760,31.58,68.42,198.22,363.84,187.11,354.53,95.0
Optimized Flow,125,3260,760,31.32,68.68,198.91,365.7,187.75,357.21,95.0
Optimized Flow,126,3261,760,30.66,69.34,202.23,367.51,191.07,357.86,95.0
Optimized Flow,127,3262,760,32.37,67.63,197.59,364.04,186.46,354.87,95.0
Optimized Flow,128,3263,760,31.84,68.16,202.29,377.41,190.97,368.31,95.0
Optimized Flow,129,3264,760,32.76,67.24,196.24,366.35,185.05,357.05,95.0
Optimized Flow,130,3265,760,31.18,68.82,202.37,373.17,191.13,364.83,95.0
Optimized Flow,131,3266,760,30.92,69.08,203.07,372.18,191.82,362.2,95.0
Optimized Flow,132,3267,760,32.11,67.89,195.6,363.68,184.48,353.37,95.0
Optimized Flow,133,3268,760,30.26,69.74,201.57,369.01,190.36,360.13,95.0
Optimized Flow,134,3269,760,33.29,66.71,190.83,354.94,179.84,345.74,95.0
Optimized Flow,135,3270,760,31.45,68.55,200.98,369.05,189.77,359.69,95.0
Optimized Flow,136,3271,760,29.21,70.79,207.13,372.56,195.91,362.36,95.0
Optimized Flow,137,3272,760,30.79,69.21,202.58,371.62,191.36,361.24,95.0
Optimized Flow,138,3273,760,30.79,69.21,204.15,372.43,192.92,362.88,95.0
Optimized Flow,139,3274,760,30.66,69.34,206.49,379.76,195.19,368.96,95.0
Optimized Flow,140,3275,760,31.18,68.82,199.43,362.76,188.31,351.77,95.0
Optimized Flow,141,3276,760,31.45,68.55,199.93,367.0,188.79,358.06,95.0
Optimized Flow,142,3277,760,32.24,67.76,198.12,365.92,186.99,356.3,95.0
Optimized Flow,143,3278,760,32.11,67.89,193.58,348.7,182.67,339.02,95.0
Optimized Flow,144,3279,760,30.79,69.21,199.55,360.87,188.49,351.37,95.0
Optimized Flow,145,3280,760,31.71,68.29,198.81,359.91,187.77,349.66,95.0
Optimized Flow,146,3281,760,31.71,68.29,203.13,374.07,191.89,364.73,95.0
Optimized Flow,147,3282,760,33.03,66.97,196.82,367.33,185.69,355.39,95.0
Optimized Flow,148,3283,760,31.97,68.03,197.17,363.39,186.08,353.89,95.0
Optimized Flow,149,3284,760,30.13,69.87,200.65,365.04,189.51,356.02,95.0
Optimized Flow,150,3285,760,30.39,69.61,203.77,372.19,192.59,362.19,95.0
Optimized Flow,151,3286,760,32.37,67.63,199.01,369.56,187.84,359.5,95.0
Optimized Flow,152,3287,760,29.21,70.79,211.21,379.01,199.9,369.43,95.0
Optimized Flow,153,3288,760,31.45,68.55,198.05,367.31,186.9,357.33,95.0
Optimized Flow,154,3289,760,30.0,70.0,208.93,379.91,197.59,369.33,95.0
Optimized Flow,155,3290,760,32.11,67.89,201.44,371.11,190.19,361.07,95.0
Optimized Flow,156,3291,760,31.97,68.03,198.9,370.57,187.67,360.67,95.0
Optimized Flow,157,3292,760,31.97,68.03,197.56,358.36,186.45,348.81,95.0
Optimized Flow,158,3293,760,30.26,69.74,205.37,374.61,194.09,365.43,95.0
Optimized Flow,159,3294,760,32.89,67.11,193.22,355.47,182.18,345.68,95.0
Optimized Flow,160,3295,760,31.05,68.95,200.78,365.68,189.61,356.34,95.0
Optimized Flow,161,3296,760,32.37,67.63,195.58,363.66,184.47,354.12,95.0
Optimized Flow,162,3297,760,32.11,67.89,196.88,362.14,185.8,352.06,95.0
Optimized Flow,163,3298,760,31.18,68.82,200.16,367.48,189.0,357.98,95.0
Optimized Flow,164,3299,760,31.84,68.16,194.81,352.74,183.82,340.95,95.0
Optimized Flow,165,3300,760,32.37,67.63,200.29,373.99,189.0,363.98,95.0
Optimized Flow,166,3301,760,32.76,67.24,194.46,356.69,183.46,348.09,95.0
Optimized Flow,167,3302,760,32.5,67.5,194.9,359.02,183.86,349.74,95.0
Optimized Flow,168,3303,760,32.76,67.24,192.58,352.38,181.64,343.2,95.0
Optimized Flow,169,3304,760,28.82,71.18,208.11,370.34,196.93,360.21,95.0
Optimized Flow,170,3305,760,31.05,68.95,201.73,371.37,190.56,361.4,95.0
Optimized Flow,171,3306,760,32.5,67.5,195.96,365.16,184.86,355.84,95.0
Optimized Flow,172,3307,760,31.18,68.82,205.62,380.38,194.3,370.25,95.0
Optimized Flow,173,3308,760,33.55,66.45,190.67,355.54,179.65,346.31,95.0
Optimized Flow,174,3309,760,32.76,67.24,193.77,350.66,182.77,341.21,95.0
Optimized Flow,175,3310,760,29.87,70.13,211.9,387.9,200.49,378.68,95.0
Optimized Flow,176,3311,760,31.71,68.29,198.81,363.38,187.69,354.32,95.0
Optimized Flow,177,3312,760,30.92,69.08,200.68,364.03,189.57,353.42,95.0
Optimized Flow,178,3313,760,30.53,69.47,205.37,373.73,194.11,364.02,95.0
Optimized Flow,179,3314,760,32.63,67.37,200.52,371.54,189.3,361.54,95.0
Optimized Flow,180,3315,760,32.24,67.76,196.13,362.2,185.0,353.01,95.0
Optimized Flow,181,3316,760,30.26,69.74,202.63,364.49,191.53,354.66,95.0
Optimized Flow,182,3317,760,31.45,68.55,199.46,364.36,188.34,355.54,95.0
Optimized Flow,183,3318,760,31.18,68.82,199.47,364.58,188.33,354.75,95.0
Optimized Flow,184,3319,760,30.13,69.87,209.39,380.71,198.04,370.77,95.0
Optimized Flow,185,3320,760,30.92,69.08,199.57,368.42,188.41,357.16,95.0
Optimized Flow,186,3321,760,30.13,69.87,204.78,377.33,193.46,368.17,95.0
Optimized Flow,187,3322,760,30.92,69.08,203.24,372.01,192.02,363.28,95.0
Optimized Flow,188,3323,760,31.71,68.29,197.58,363.76,186.48,352.96,95.0
Optimized Flow,189,3324,760,30.92,69.08,203.54,374.87,192.28,364.28,95.0
Optimized Flow,190,3325,760,33.42,66.58,191.42,359.7,180.37,349.67,95.0
Optimized Flow,191,3326,760,29.87,70.13,205.86,369.99,194.66,360.25,95.0
Optimized Flow,192,3327,760,31.84,68.16,198.87,365.52,187.73,355.72,95.0
Optimized Flow,193,3328,760,32.63,67.37,195.96,367.47,184.82,358.52,95.0
Optimized Flow,194,3329,760,33.29,66.71,191.44,357.51,180.39,348.4,95.0
Optimized Flow,195,3330,760,32.5,67.5,196.44,363.29,185.33,353.49,95.0
Optimized Flow,196,3331,760,32.63,67.37,193.92,357.23,182.9,346.71,95.0
Optimized Flow,197,3332,760,30.53,69.47,202.57,372.1,191.33,362.78,95.0
Optimized Flow,198,3333,760,32.11,67.89,193.5,354.39,182.54,344.23,95.0
Optimized Flow,199,3334,760,31.97,68.03,193.78,351.76,182.82,341.56,95.0
