snapshot_est,sku,abc_class,velocity_per_day,location_id,on_hand_qty,reserved_qty,available_qty,unit_cost,reorder_point,reorder_qty
2026-02-20T13:43:28 EST,SKU0114,A,220,D11-09,2202,65,2137,191.48,1340,2438
2026-02-20T13:43:28 EST,SKU0180,A,220,A02-01,2200,31,2169,74.07,1129,2009
2026-02-20T13:43:28 EST,SKU0210,A,220,B03-01,1547,70,1477,113.45,1111,1984
2026-02-20T13:43:28 EST,SKU0479,A,220,C12-02,2424,68,2356,109.45,1327,2423
2026-02-20T13:43:28 EST,SKU0221,A,218,A01-02,1741,41,1700,105.47,901,2648
2026-02-20T13:43:28 EST,SKU0584,A,209,A01-02,1669,54,1615,156.45,1058,2524
2026-02-20T13:43:28 EST,SKU0126,A,195,A02-01,1958,74,1884,108.54,785,2142
2026-02-20T13:43:28 EST,SKU0379,A,195,A02-01,2539,27,2512,199.64,1008,1199
2026-02-20T13:43:28 EST,SKU0375,A,188,D11-09,2446,52,2394,57.61,596,406
2026-02-20T13:43:28 EST,SKU0235,A,187,C01-01,2245,34,2211,100.58,757,943
2026-02-20T13:43:28 EST,SKU0285,A,185,A02-01,2593,42,2551,133.94,588,400
2026-02-20T13:43:28 EST,SKU0253,A,183,C01-09,2019,40,1979,29.79,1128,2220
2026-02-20T13:43:28 EST,SKU0324,A,178,A02-01,1601,41,1560,25.28,930,2533
2026-02-20T13:43:28 EST,SKU0562,A,176,B02-02,1765,65,1700,172.29,1073,2300
2026-02-20T13:43:28 EST,SKU0421,A,173,A02-04,2079,60,2019,202.49,1240,1929
2026-02-20T13:43:28 EST,SKU0461,A,159,A02-02,1908,53,1855,17.23,829,1306
2026-02-20T13:43:28 EST,SKU0502,A,151,C12-10,1963,57,1906,92.8,1080,1080
2026-02-20T13:43:28 EST,SKU0168,A,149,A02-01,1789,29,1760,82.42,1073,1668
2026-02-20T13:43:28 EST,SKU0107,A,148,A01-01,1337,36,1301,115.18,619,1058
2026-02-20T13:43:28 EST,SKU0388,A,147,B16-05,1614,29,1585,42.36,774,1806
2026-02-20T13:43:28 EST,SKU0157,A,145,D01-10,1158,36,1122,170.7,899,1916
2026-02-20T13:43:28 EST,SKU0032,A,144,C12-02,1735,32,1703,54.06,738,1595
2026-02-20T13:43:28 EST,SKU0394,A,141,B02-01,1272,38,1234,86.7,576,1419
2026-02-20T13:43:28 EST,SKU0249,A,133,C01-01,1062,35,1027,82.43,942,1875
2026-02-20T13:43:28 EST,SKU0422,A,132,B11-10,1063,27,1036,108.16,428,1213
2026-02-20T13:43:28 EST,SKU0489,A,124,A02-04,1121,18,1103,73.74,404,1267
2026-02-20T13:43:28 EST,SKU0572,A,123,A11-07,1111,53,1058,159.23,630,995
2026-02-20T13:43:28 EST,SKU0475,A,119,A02-02,1194,21,1173,144.27,627,742
2026-02-20T13:43:28 EST,SKU0267,A,118,B01-01,829,25,804,217.14,620,1915
2026-02-20T13:43:28 EST,SKU0437,A,117,A14-01,1528,31,1497,58.55,473,466
2026-02-20T13:43:28 EST,SKU0283,A,113,A01-04,1244,34,1210,215.2,486,372
2026-02-20T13:43:28 EST,SKU0007,A,112,D01-01,1128,17,1111,142.71,453,669
2026-02-20T13:43:28 EST,SKU0074,A,111,B01-02,1449,38,1411,64.26,342,669
2026-02-20T13:43:28 EST,SKU0417,A,110,C01-02,1541,29,1512,159.52,697,1136
2026-02-20T13:43:28 EST,SKU0136,A,109,A03-02,876,10,866,150.04,781,1104
2026-02-20T13:43:28 EST,SKU0072,A,108,A02-02,865,32,833,132.84,661,1740
2026-02-20T13:43:28 EST,SKU0362,A,108,C02-01,753,15,738,40.7,344,1103
2026-02-20T13:43:28 EST,SKU0004,A,107,D02-01,965,38,927,77.54,660,979
2026-02-20T13:43:28 EST,SKU0495,A,107,D02-02,1499,34,1465,68.66,455,347
2026-02-20T13:43:28 EST,SKU0435,A,105,A02-01,1363,32,1331,58.38,743,955
2026-02-20T13:43:28 EST,SKU0083,A,103,D01-02,1135,28,1107,54.97,448,446
2026-02-20T13:43:28 EST,SKU0492,A,103,A01-04,1343,30,1313,108.36,636,426
2026-02-20T13:43:28 EST,SKU0352,A,102,A01-02,1230,33,1197,70.71,747,945
2026-02-20T13:43:28 EST,SKU0021,A,101,A03-01,1016,29,987,155.65,342,538
2026-02-20T13:43:28 EST,SKU0178,A,100,C02-02,1100,31,1069,104.17,332,732
2026-02-20T13:43:28 EST,SKU0373,A,100,A03-02,1104,27,1077,167.51,316,212
2026-02-20T13:43:28 EST,SKU0271,A,99,C03-01,796,15,781,101.23,515,907
2026-02-20T13:43:28 EST,SKU0544,A,99,A02-01,1086,31,1055,84.78,421,622
2026-02-20T13:43:28 EST,SKU0123,A,96,D03-01,1341,30,1311,62.04,712,427
2026-02-20T13:43:28 EST,SKU0426,A,93,A01-02,935,17,918,138.45,481,476
2026-02-20T13:43:28 EST,SKU0474,A,93,A01-04,1302,28,1274,79.77,297,297
2026-02-20T13:43:28 EST,SKU0066,A,92,B03-02,642,21,621,177.28,498,1052
2026-02-20T13:43:28 EST,SKU0398,A,92,C03-02,1200,26,1174,34.43,485,205
2026-02-20T13:43:28 EST,SKU0142,A,88,A02-07,614,23,591,18.91,479,745
2026-02-20T13:43:28 EST,SKU0315,A,88,A01-02,884,21,863,78.95,290,638
2026-02-20T13:43:28 EST,SKU0307,A,86,D03-02,1125,29,1096,137.28,383,720
2026-02-20T13:43:28 EST,SKU0414,A,86,D03-03,1203,17,1186,55.6,446,705
2026-02-20T13:43:28 EST,SKU0257,A,85,A01-02,856,19,837,168.94,458,622
2026-02-20T13:43:28 EST,SKU0400,A,83,C04-04,746,20,726,41.99,528,778
2026-02-20T13:43:28 EST,SKU0565,A,80,A03-06,639,11,628,137.72,415,1056
2026-02-20T13:43:28 EST,SKU0395,A,78,B09-02,787,22,765,206.07,255,404
2026-02-20T13:43:28 EST,SKU0419,A,78,D07-02,630,12,618,38.96,343,727
2026-02-20T13:43:28 EST,SKU0553,A,78,A02-02,781,23,758,85.79,323,556
2026-02-20T13:43:28 EST,SKU0163,A,77,A02-02,539,24,515,155.02,319,550
2026-02-20T13:43:28 EST,SKU0273,A,77,B11-03,850,17,833,141.85,414,796
2026-02-20T13:43:28 EST,SKU0327,A,77,C05-06,690,12,678,73.77,567,724
2026-02-20T13:43:28 EST,SKU0119,A,76,A01-02,993,19,974,92.53,466,613
2026-02-20T13:43:28 EST,SKU0580,A,76,C13-03,993,11,982,69.56,537,760
2026-02-20T13:43:28 EST,SKU0212,A,75,A14-03,528,22,506,35.39,535,982
2026-02-20T13:43:28 EST,SKU0480,A,74,C17-02,747,15,732,46.64,403,544
2026-02-20T13:43:28 EST,SKU0312,A,73,C10-10,516,13,503,151.93,453,1032
2026-02-20T13:43:28 EST,SKU0203,A,72,B19-01,940,12,928,19.61,448,804
2026-02-20T13:43:28 EST,SKU0226,A,72,C01-02,942,5,937,143.71,303,297
2026-02-20T13:43:28 EST,SKU0048,A,70,B14-07,845,25,820,213.87,309,654
2026-02-20T13:43:28 EST,SKU0204,A,70,C14-07,978,13,965,51.34,242,174
2026-02-20T13:43:28 EST,SKU0429,A,70,A03-02,497,24,473,53.72,246,589
2026-02-20T13:43:28 EST,SKU0055,A,69,A01-04,624,21,603,125.49,243,723
2026-02-20T13:43:28 EST,SKU0254,A,69,C15-07,618,24,594,62.27,509,857
2026-02-20T13:43:28 EST,SKU0595,A,69,A02-02,555,13,542,216.4,423,558
2026-02-20T13:43:28 EST,SKU0068,A,67,A06-04,536,9,527,191.69,411,545
2026-02-20T13:43:28 EST,SKU0539,A,67,A03-04,669,10,659,151.75,487,488
2026-02-20T13:43:28 EST,SKU0060,A,65,A12-08,849,7,842,175.19,468,724
2026-02-20T13:43:28 EST,SKU0092,A,65,A02-04,788,13,775,187.63,217,469
2026-02-20T13:43:28 EST,SKU0165,A,65,A14-01,523,18,505,65.93,409,731
2026-02-20T13:43:28 EST,SKU0335,A,65,A02-09,462,31,431,77.64,401,1109
2026-02-20T13:43:28 EST,SKU0424,A,65,A08-09,717,12,705,168.87,426,489
2026-02-20T13:43:28 EST,SKU0213,A,64,A02-09,446,20,426,120.91,411,1117
2026-02-20T13:43:28 EST,SKU0374,A,64,A01-04,450,18,432,174.17,400,910
2026-02-20T13:43:28 EST,SKU0389,A,64,A01-08,834,19,815,50.34,464,718
2026-02-20T13:43:28 EST,SKU0452,A,64,A02-02,445,19,426,149.66,390,585
2026-02-20T13:43:28 EST,SKU0056,A,63,A01-02,571,15,556,132.31,223,660
2026-02-20T13:43:28 EST,SKU0087,A,62,A11-01,621,9,612,147.69,412,907
2026-02-20T13:43:28 EST,SKU0252,A,62,A02-09,626,11,615,39.31,253,495
2026-02-20T13:43:28 EST,SKU0501,A,62,A01-03,435,18,417,100.63,395,828
2026-02-20T13:43:28 EST,SKU0297,A,61,A04-10,861,11,850,103.51,314,185
2026-02-20T13:43:28 EST,SKU0490,A,60,A16-06,599,12,587,92.42,255,376
2026-02-20T13:43:28 EST,SKU0192,A,59,A13-07,830,8,822,95.81,382,142
2026-02-20T13:43:28 EST,SKU0244,A,59,A03-02,834,14,820,24.19,434,603
2026-02-20T13:43:28 EST,SKU0353,A,59,A01-01,772,11,761,175.08,379,197
2026-02-20T13:43:28 EST,SKU0377,A,59,A01-02,595,14,581,212.71,242,650
2026-02-20T13:43:28 EST,SKU0563,A,59,A05-07,536,10,526,157.26,367,657
2026-02-20T13:43:28 EST,SKU0240,A,58,A02-05,636,20,616,192.55,430,490
2026-02-20T13:43:28 EST,SKU0294,A,58,B03-01,525,11,514,136.26,420,533
2026-02-20T13:43:28 EST,SKU0541,A,58,A05-07,694,10,684,34.76,308,600
2026-02-20T13:43:28 EST,SKU0035,A,57,C12-03,795,6,789,84.89,259,262
2026-02-20T13:43:28 EST,SKU0076,A,57,A03-01,802,15,787,97.24,347,172
2026-02-20T13:43:28 EST,SKU0167,A,57,B05-05,745,5,740,203.37,311,136
2026-02-20T13:43:28 EST,SKU0176,A,57,A03-02,749,10,739,120.46,211,431
2026-02-20T13:43:28 EST,SKU0313,A,57,A08-08,683,10,673,19.1,178,236
2026-02-20T13:43:28 EST,SKU0575,A,57,A03-01,627,13,614,213.12,195,309
2026-02-20T13:43:28 EST,SKU0589,A,57,A06-06,458,6,452,175.92,290,744
2026-02-20T13:43:28 EST,SKU0065,A,56,A09-06,613,9,604,122.53,400,571
2026-02-20T13:43:28 EST,SKU0139,A,56,A03-02,389,6,383,207.52,343,962
2026-02-20T13:43:28 EST,SKU0299,A,56,A10-06,396,10,386,185.52,203,647
2026-02-20T13:43:28 EST,SKU0314,A,56,A04-06,561,9,552,141.75,254,365
2026-02-20T13:43:28 EST,SKU0121,A,55,D07-03,771,2,769,74.26,194,193
2026-02-20T13:43:28 EST,SKU0146,A,55,A02-01,603,9,594,115.57,336,558
2026-02-20T13:43:28 EST,SKU0162,A,55,A01-02,776,21,755,147.46,173,387
2026-02-20T13:43:28 EST,SKU0328,A,55,A07-07,665,10,655,147.08,250,355
2026-02-20T13:43:28 EST,SKU0008,A,54,A04-03,593,15,578,106.42,288,289
2026-02-20T13:43:28 EST,SKU0216,A,54,A01-04,493,20,473,149.63,403,828
2026-02-20T13:43:28 EST,SKU0260,A,54,A03-09,490,12,478,141.13,337,549
2026-02-20T13:43:28 EST,SKU0468,A,54,A05-06,755,11,744,147.31,309,472
2026-02-20T13:43:28 EST,SKU0516,A,54,A10-10,759,5,754,70.28,246,189
2026-02-20T13:43:28 EST,SKU0578,A,54,A03-01,601,19,582,158.42,334,597
2026-02-20T13:43:28 EST,SKU0041,A,53,A10-01,532,12,520,66.49,411,621
2026-02-20T13:43:28 EST,SKU0120,A,53,A17-01,635,3,632,162.68,189,402
2026-02-20T13:43:28 EST,SKU0303,A,53,A02-04,482,23,459,16.3,243,291
2026-02-20T13:43:28 EST,SKU0520,A,53,A04-07,696,21,675,102.53,402,342
2026-02-20T13:43:28 EST,SKU0186,A,52,A16-04,363,5,358,167.94,386,699
2026-02-20T13:43:28 EST,SKU0434,A,52,C09-09,734,4,730,172.55,397,287
2026-02-20T13:43:28 EST,SKU0411,A,51,B11-07,611,8,603,87.28,224,225
2026-02-20T13:43:28 EST,SKU0223,A,50,A10-03,401,6,395,74.37,390,489
2026-02-20T13:43:28 EST,SKU0230,A,50,C12-10,354,2,352,44.44,222,668
2026-02-20T13:43:28 EST,SKU0317,A,50,A02-02,604,30,574,126.29,211,457
2026-02-20T13:43:28 EST,SKU0365,A,50,A01-01,601,12,589,140.44,390,439
2026-02-20T13:43:28 EST,SKU0428,A,50,A01-04,352,27,325,12.03,365,513
2026-02-20T13:43:28 EST,SKU0446,A,50,A01-04,658,14,644,160.33,386,378
2026-02-20T13:43:28 EST,SKU0003,A,49,A02-01,591,8,583,207.95,329,424
2026-02-20T13:43:28 EST,SKU0160,A,49,A04-09,643,4,639,126.03,380,472
2026-02-20T13:43:28 EST,SKU0214,A,49,A10-02,691,9,682,56.78,285,378
2026-02-20T13:43:28 EST,SKU0282,A,49,A18-06,494,3,491,144.67,251,296
2026-02-20T13:43:28 EST,SKU0181,A,48,A02-07,385,10,375,76.77,298,585
2026-02-20T13:43:28 EST,SKU0236,A,48,A06-05,533,12,521,30.44,303,298
2026-02-20T13:43:28 EST,SKU0300,A,48,A05-09,387,6,381,216.27,366,507
2026-02-20T13:43:28 EST,SKU0329,A,48,A12-04,627,8,619,148.37,370,511
2026-02-20T13:43:28 EST,SKU0330,A,48,A05-10,478,12,466,35.34,181,279
2026-02-20T13:43:28 EST,SKU0425,A,48,A03-01,487,18,469,107.45,375,464
2026-02-20T13:43:28 EST,SKU0531,A,48,B02-02,631,2,629,20.16,217,450
2026-02-20T13:43:28 EST,SKU0583,A,48,A01-09,483,13,470,158.43,201,390
2026-02-20T13:43:28 EST,SKU0054,A,47,A02-02,384,16,368,183.92,177,357
2026-02-20T13:43:28 EST,SKU0304,A,47,A06-10,331,12,319,158.02,180,413
2026-02-20T13:43:28 EST,SKU0406,A,47,A06-03,327,16,311,181.14,353,778
2026-02-20T13:43:28 EST,SKU0467,A,47,A17-06,422,17,405,59.12,304,446
2026-02-20T13:43:28 EST,SKU0125,A,46,A12-05,461,1,460,153.61,192,237
2026-02-20T13:43:28 EST,SKU0288,A,46,A02-01,372,5,367,210.3,261,625
2026-02-20T13:43:28 EST,SKU0322,A,46,A04-06,460,10,450,135.77,267,589
2026-02-20T13:43:28 EST,SKU0477,A,46,A06-03,643,4,639,153.15,204,251
2026-02-20T13:43:28 EST,SKU0547,A,46,A06-09,365,6,359,40.53,316,503
2026-02-20T13:43:28 EST,SKU0202,A,45,A05-04,503,4,499,216.7,235,317
2026-02-20T13:43:28 EST,SKU0211,A,45,A10-02,540,21,519,99.3,141,51
2026-02-20T13:43:28 EST,SKU0504,A,45,A03-07,319,23,296,210.77,217,348
2026-02-20T13:43:28 EST,SKU0524,A,45,A01-06,413,8,405,102.79,145,227
2026-02-20T13:43:28 EST,SKU0010,A,44,A13-04,351,8,343,145.64,276,365
2026-02-20T13:43:28 EST,SKU0309,A,44,A15-03,305,11,294,202.6,143,542
2026-02-20T13:43:28 EST,SKU0496,A,44,C16-05,579,4,575,190.77,171,296
2026-02-20T13:43:28 EST,SKU0522,A,44,A12-03,393,11,382,43.33,297,388
2026-02-20T13:43:28 EST,SKU0543,A,44,A08-01,579,4,575,144.77,242,279
2026-02-20T13:43:28 EST,SKU0090,A,43,A18-03,387,5,382,14.6,307,393
2026-02-20T13:43:28 EST,SKU0149,A,43,A02-02,437,11,426,187.62,331,410
2026-02-20T13:43:28 EST,SKU0207,A,43,A03-01,474,9,465,170.0,169,125
2026-02-20T13:43:28 EST,SKU0208,A,43,A02-02,437,14,423,69.36,295,374
2026-02-20T13:43:28 EST,SKU0209,A,43,A06-07,307,4,303,33.44,332,627
2026-02-20T13:43:28 EST,SKU0243,A,43,A08-02,476,11,465,173.17,200,455
2026-02-20T13:43:28 EST,SKU0361,A,43,A01-08,474,7,467,134.62,187,272
2026-02-20T13:43:28 EST,SKU0410,A,43,C01-09,567,2,565,92.05,270,348
2026-02-20T13:43:28 EST,SKU0454,A,43,A05-05,432,8,424,84.45,324,580
2026-02-20T13:43:28 EST,SKU0517,A,43,A02-02,302,12,290,29.75,208,379
2026-02-20T13:43:28 EST,SKU0001,A,42,A10-06,592,8,584,107.95,292,330
2026-02-20T13:43:28 EST,SKU0134,A,42,A01-04,424,13,411,210.8,259,339
2026-02-20T13:43:28 EST,SKU0158,A,42,A02-06,551,8,543,139.81,307,344
2026-02-20T13:43:28 EST,SKU0184,A,42,A08-06,335,9,326,195.27,177,472
2026-02-20T13:43:28 EST,SKU0187,A,42,A03-01,341,8,333,18.55,182,597
2026-02-20T13:43:28 EST,SKU0372,A,42,A06-01,425,8,417,137.45,240,445
2026-02-20T13:43:28 EST,SKU0392,A,42,C13-09,470,6,464,19.06,227,303
2026-02-20T13:43:28 EST,SKU0593,A,42,A17-08,547,12,535,129.32,139,348
2026-02-20T13:43:28 EST,SKU0276,A,41,A13-07,376,8,368,82.61,233,595
2026-02-20T13:43:28 EST,SKU0259,A,40,B06-09,439,4,435,209.67,312,273
2026-02-20T13:43:28 EST,SKU0106,A,39,A05-05,318,8,310,70.52,255,327
2026-02-20T13:43:28 EST,SKU0166,A,39,B02-10,277,3,274,169.63,204,629
2026-02-20T13:43:28 EST,SKU0250,A,39,A01-08,312,13,299,211.14,247,442
2026-02-20T13:43:28 EST,SKU0339,A,39,A01-04,547,10,537,219.4,129,245
2026-02-20T13:43:28 EST,SKU0364,A,39,A02-01,515,11,504,154.88,211,86
2026-02-20T13:43:28 EST,SKU0559,A,39,A02-01,272,0,272,117.76,268,698
2026-02-20T13:43:28 EST,SKU0028,A,38,A01-07,494,10,484,138.52,224,224
2026-02-20T13:43:28 EST,SKU0069,A,38,A10-04,421,3,418,35.94,160,347
2026-02-20T13:43:28 EST,SKU0071,A,38,A02-01,456,9,447,175.15,221,297
2026-02-20T13:43:28 EST,SKU0196,A,38,A02-01,343,14,329,31.51,214,251
2026-02-20T13:43:28 EST,SKU0441,A,38,A05-05,350,5,345,185.38,143,211
2026-02-20T13:43:28 EST,SKU0447,A,38,A04-01,378,5,373,69.75,259,375
2026-02-20T13:43:28 EST,SKU0549,A,38,A01-02,268,9,259,86.64,226,376
2026-02-20T13:43:28 EST,SKU0600,A,38,A04-02,494,9,485,159.99,163,125
2026-02-20T13:43:28 EST,SKU0049,A,37,A03-03,367,4,363,18.72,279,319
2026-02-20T13:43:28 EST,SKU0059,A,37,A08-03,304,12,292,172.17,163,303
2026-02-20T13:43:28 EST,SKU0082,A,37,A03-06,301,4,297,103.83,294,511
2026-02-20T13:43:28 EST,SKU0152,A,37,A02-01,369,8,361,32.36,274,497
2026-02-20T13:43:28 EST,SKU0174,A,37,A11-02,515,12,503,214.02,241,133
2026-02-20T13:43:28 EST,SKU0201,A,37,A09-08,519,6,513,54.75,272,160
2026-02-20T13:43:28 EST,SKU0295,A,37,A05-01,412,12,400,114.29,217,286
2026-02-20T13:43:28 EST,SKU0387,A,37,A03-10,410,1,409,96.76,196,156
2026-02-20T13:43:28 EST,SKU0415,A,37,A13-01,368,5,363,75.56,250,437
2026-02-20T13:43:28 EST,SKU0555,A,37,A12-08,267,4,263,67.08,265,368
2026-02-20T13:43:28 EST,SKU0581,A,37,A14-04,483,6,477,71.59,166,164
2026-02-20T13:43:28 EST,SKU0594,A,37,A14-03,450,4,446,107.09,220,399
2026-02-20T13:43:28 EST,SKU0018,A,36,D07-06,508,0,508,90.39,167,127
2026-02-20T13:43:28 EST,SKU0051,A,36,A08-08,504,2,502,217.63,220,76
2026-02-20T13:43:28 EST,SKU0088,A,36,A06-04,325,12,313,71.95,175,390
2026-02-20T13:43:28 EST,SKU0116,A,36,A05-07,361,7,354,196.28,240,383
2026-02-20T13:43:28 EST,SKU0298,A,36,A02-01,473,9,464,179.92,177,100
2026-02-20T13:43:28 EST,SKU0319,A,36,C01-09,465,5,460,61.42,227,122
2026-02-20T13:43:28 EST,SKU0351,A,36,B10-01,396,9,387,40.85,177,141
2026-02-20T13:43:28 EST,SKU0359,A,36,A01-04,398,8,390,193.8,242,240
2026-02-20T13:43:28 EST,SKU0478,A,36,A09-06,288,12,276,215.93,168,312
2026-02-20T13:43:28 EST,SKU0573,A,36,A05-03,286,10,276,219.42,152,298
2026-02-20T13:43:28 EST,SKU0097,A,35,A02-06,390,8,382,198.64,207,377
2026-02-20T13:43:28 EST,SKU0150,A,35,B03-01,312,4,308,82.22,149,187
2026-02-20T13:43:28 EST,SKU0155,A,35,A02-01,348,9,339,98.97,249,356
2026-02-20T13:43:28 EST,SKU0175,A,35,A06-04,321,5,316,27.45,272,581
2026-02-20T13:43:28 EST,SKU0289,A,35,A10-07,453,10,443,164.65,246,318
2026-02-20T13:43:28 EST,SKU0511,A,35,A01-02,351,6,345,25.51,118,117
2026-02-20T13:43:28 EST,SKU0561,A,35,C01-01,317,17,300,32.97,207,345
2026-02-20T13:43:28 EST,SKU0013,A,34,A03-05,313,3,310,15.89,188,385
2026-02-20T13:43:28 EST,SKU0098,A,34,A02-03,348,4,344,76.29,220,246
2026-02-20T13:43:28 EST,SKU0109,A,34,B13-09,477,2,475,176.14,200,233
2026-02-20T13:43:28 EST,SKU0145,A,34,A16-05,344,2,342,29.96,127,361
2026-02-20T13:43:28 EST,SKU0151,A,34,A08-01,475,12,463,125.93,194,331
2026-02-20T13:43:28 EST,SKU0342,A,34,A02-04,341,13,328,150.14,262,431
2026-02-20T13:43:28 EST,SKU0343,A,34,C12-09,343,6,337,115.8,264,533
2026-02-20T13:43:28 EST,SKU0529,A,34,A02-02,240,15,225,143.57,170,406
2026-02-20T13:43:28 EST,SKU0554,A,34,C12-05,274,4,270,74.65,238,576
2026-02-20T13:43:28 EST,SKU0577,A,34,B04-01,246,7,239,149.58,236,330
2026-02-20T13:43:28 EST,SKU0586,A,34,C19-03,277,3,274,84.64,208,305
2026-02-20T13:43:28 EST,SKU0037,A,33,A12-08,464,6,458,85.88,184,314
2026-02-20T13:43:28 EST,SKU0141,A,33,A19-01,268,2,266,202.16,187,249
2026-02-20T13:43:28 EST,SKU0154,A,33,A02-09,430,8,422,55.95,128,193
2026-02-20T13:43:28 EST,SKU0193,A,33,A11-02,338,7,331,53.7,242,333
2026-02-20T13:43:28 EST,SKU0232,A,33,A10-04,265,2,263,105.54,220,450
2026-02-20T13:43:28 EST,SKU0346,A,33,A05-05,330,6,324,209.65,203,335
2026-02-20T13:43:28 EST,SKU0367,A,33,A03-06,402,11,391,160.89,158,251
2026-02-20T13:43:28 EST,SKU0464,A,33,A02-04,435,9,426,166.43,268,196
2026-02-20T13:43:28 EST,SKU0484,A,33,D20-09,271,1,270,15.84,231,455
2026-02-20T13:43:28 EST,SKU0040,A,32,A01-02,288,7,281,20.84,245,469
2026-02-20T13:43:28 EST,SKU0042,A,32,D11-02,353,1,352,213.26,127,94
2026-02-20T13:43:28 EST,SKU0108,A,32,A11-07,294,2,292,99.2,150,400
2026-02-20T13:43:28 EST,SKU0144,A,32,A05-08,259,6,253,74.24,176,237
2026-02-20T13:43:28 EST,SKU0195,A,32,A02-07,228,7,221,81.18,229,481
2026-02-20T13:43:28 EST,SKU0238,A,32,A03-01,388,12,376,92.9,214,210
2026-02-20T13:43:28 EST,SKU0277,A,32,A01-07,350,11,339,23.73,108,174
2026-02-20T13:43:28 EST,SKU0378,A,32,A13-05,387,2,385,174.29,209,398
2026-02-20T13:43:28 EST,SKU0585,A,32,D17-03,321,2,319,44.91,147,178
2026-02-20T13:43:28 EST,SKU0198,A,31,A04-04,217,4,213,133.74,245,338
2026-02-20T13:43:28 EST,SKU0386,A,31,A01-05,248,5,243,114.62,164,319
2026-02-20T13:43:28 EST,SKU0026,A,30,A05-10,211,2,209,146.84,157,396
2026-02-20T13:43:28 EST,SKU0091,A,30,A01-01,208,6,202,219.7,248,460
2026-02-20T13:43:28 EST,SKU0129,A,30,D03-10,214,1,213,99.56,126,362
2026-02-20T13:43:28 EST,SKU0270,A,30,A13-05,328,5,323,75.02,216,308
2026-02-20T13:43:28 EST,SKU0281,A,30,A07-08,368,10,358,68.86,220,212
2026-02-20T13:43:28 EST,SKU0306,A,30,D03-01,274,0,274,119.1,148,354
2026-02-20T13:43:28 EST,SKU0321,A,30,A04-01,276,3,273,212.45,139,283
2026-02-20T13:43:28 EST,SKU0369,A,30,A11-07,244,5,239,85.23,212,328
2026-02-20T13:43:28 EST,SKU0409,A,30,B09-07,297,9,288,95.96,145,268
2026-02-20T13:43:28 EST,SKU0418,A,30,A01-04,272,9,263,79.08,239,417
2026-02-20T13:43:28 EST,SKU0519,A,30,A04-07,366,6,360,70.68,112,136
2026-02-20T13:43:28 EST,SKU0023,A,29,A03-10,350,4,346,132.52,227,341
2026-02-20T13:43:28 EST,SKU0077,A,29,A03-04,208,16,192,32.09,192,506
2026-02-20T13:43:28 EST,SKU0079,A,29,A01-05,321,5,316,103.03,208,235
2026-02-20T13:43:28 EST,SKU0113,A,29,A03-02,377,11,366,124.88,150,121
2026-02-20T13:43:28 EST,SKU0132,A,29,A19-03,296,10,286,35.58,185,237
2026-02-20T13:43:28 EST,SKU0199,A,29,A02-01,378,10,368,119.71,225,311
2026-02-20T13:43:28 EST,SKU0220,A,29,A10-08,259,8,251,100.48,205,294
2026-02-20T13:43:28 EST,SKU0227,A,29,A05-05,233,2,231,69.38,116,289
2026-02-20T13:43:28 EST,SKU0279,A,29,A17-02,292,3,289,15.97,242,443
2026-02-20T13:43:28 EST,SKU0333,A,29,A12-07,236,9,227,126.49,122,408
2026-02-20T13:43:28 EST,SKU0420,A,29,A05-03,327,0,327,16.12,129,150
2026-02-20T13:43:28 EST,SKU0436,A,29,A17-02,290,6,284,33.83,143,172
2026-02-20T13:43:28 EST,SKU0493,A,29,A02-09,379,7,372,15.76,221,277
2026-02-20T13:43:28 EST,SKU0551,A,29,A14-03,202,10,192,24.3,211,531
2026-02-20T13:43:28 EST,SKU0591,A,29,A04-01,211,5,206,112.73,215,439
2026-02-20T13:43:28 EST,SKU0233,A,28,A07-04,372,5,367,154.2,176,280
2026-02-20T13:43:28 EST,SKU0316,A,28,A07-01,232,10,222,77.89,228,388
2026-02-20T13:43:28 EST,SKU0462,A,28,A16-06,397,2,395,90.02,120,227
2026-02-20T13:43:28 EST,SKU0528,A,28,A01-02,370,13,357,100.21,196,302
2026-02-20T13:43:28 EST,SKU0536,A,28,B03-01,316,11,305,41.92,121,225
2026-02-20T13:43:28 EST,SKU0571,A,28,A06-10,334,4,330,44.6,140,282
2026-02-20T13:43:28 EST,SKU0371,B,28,A19-01,256,4,252,213.55,215,379
2026-02-20T13:43:28 EST,SKU0404,B,28,A17-05,222,6,216,27.44,174,260
2026-02-20T13:43:28 EST,SKU0509,B,28,A04-06,254,8,246,177.03,162,188
2026-02-20T13:43:28 EST,SKU0033,B,27,C12-08,165,5,160,102.28,109,322
2026-02-20T13:43:28 EST,SKU0099,B,27,A17-07,134,2,132,39.45,119,444
2026-02-20T13:43:28 EST,SKU0177,B,27,A05-10,160,3,157,87.75,110,220
2026-02-20T13:43:28 EST,SKU0274,B,27,A06-03,137,12,125,176.82,211,533
2026-02-20T13:43:28 EST,SKU0305,B,27,A07-09,195,8,187,218.09,196,433
2026-02-20T13:43:28 EST,SKU0331,B,27,A17-10,189,1,188,158.27,122,365
2026-02-20T13:43:28 EST,SKU0355,B,27,A18-03,242,5,237,122.43,132,376
2026-02-20T13:43:28 EST,SKU0357,B,27,D01-10,136,3,133,119.62,147,362
2026-02-20T13:43:28 EST,SKU0368,B,27,A17-05,223,2,221,17.26,229,330
2026-02-20T13:43:28 EST,SKU0403,B,27,A04-10,191,8,183,184.18,108,322
2026-02-20T13:43:28 EST,SKU0491,B,27,A07-08,133,5,128,180.87,202,339
2026-02-20T13:43:28 EST,SKU0073,B,26,A04-09,189,14,175,11.35,97,324
2026-02-20T13:43:28 EST,SKU0112,B,26,A06-02,183,2,181,194.07,134,315
2026-02-20T13:43:28 EST,SKU0117,B,26,A16-03,257,6,251,95.73,166,195
2026-02-20T13:43:28 EST,SKU0262,B,26,C02-01,241,7,234,127.51,129,200
2026-02-20T13:43:28 EST,SKU0440,B,26,A17-03,156,5,151,21.32,173,329
2026-02-20T13:43:28 EST,SKU0442,B,26,A05-03,258,5,253,113.96,144,276
2026-02-20T13:43:28 EST,SKU0451,B,26,A03-03,209,2,207,47.71,192,269
2026-02-20T13:43:28 EST,SKU0512,B,26,A06-08,216,5,211,97.99,98,298
2026-02-20T13:43:28 EST,SKU0533,B,26,B06-02,214,5,209,94.12,114,212
2026-02-20T13:43:28 EST,SKU0067,B,25,A05-01,251,6,245,31.3,132,131
2026-02-20T13:43:28 EST,SKU0110,B,25,A09-04,223,2,221,32.26,185,412
2026-02-20T13:43:28 EST,SKU0173,B,25,A09-07,231,5,226,165.09,211,355
2026-02-20T13:43:28 EST,SKU0188,B,25,A12-08,148,0,148,25.3,154,331
2026-02-20T13:43:28 EST,SKU0363,B,25,A08-09,126,4,122,46.34,163,487
2026-02-20T13:43:28 EST,SKU0444,B,25,A08-10,123,3,120,141.97,186,313
2026-02-20T13:43:28 EST,SKU0457,B,25,A17-07,152,3,149,174.72,169,317
2026-02-20T13:43:28 EST,SKU0465,B,25,A08-07,232,6,226,83.7,87,280
2026-02-20T13:43:28 EST,SKU0002,B,24,B05-09,238,1,237,139.34,186,308
2026-02-20T13:43:28 EST,SKU0043,B,24,A04-06,242,7,235,209.19,191,261
2026-02-20T13:43:28 EST,SKU0242,B,24,A16-10,141,7,134,54.97,81,228
2026-02-20T13:43:28 EST,SKU0287,B,24,A06-10,117,10,107,131.03,81,276
2026-02-20T13:43:28 EST,SKU0320,B,24,A07-03,223,12,211,188.53,165,254
2026-02-20T13:43:28 EST,SKU0336,B,24,A06-05,191,4,187,35.09,167,216
2026-02-20T13:43:28 EST,SKU0399,B,24,A16-09,237,4,233,25.78,125,176
2026-02-20T13:43:28 EST,SKU0408,B,24,A14-08,172,5,167,205.26,109,297
2026-02-20T13:43:28 EST,SKU0481,B,24,A11-07,169,4,165,36.59,165,260
2026-02-20T13:43:28 EST,SKU0552,B,24,A16-10,166,13,153,37.19,175,393
2026-02-20T13:43:28 EST,SKU0062,B,23,B08-08,215,3,212,66.78,197,212
2026-02-20T13:43:28 EST,SKU0105,B,23,C03-09,192,3,189,134.65,199,283
2026-02-20T13:43:28 EST,SKU0115,B,23,A15-05,206,8,198,99.17,180,250
2026-02-20T13:43:28 EST,SKU0310,B,23,A01-02,161,0,161,90.13,158,365
2026-02-20T13:43:28 EST,SKU0354,B,23,D07-03,238,5,233,115.63,124,277
2026-02-20T13:43:28 EST,SKU0498,B,23,A16-06,146,4,142,147.02,154,422
2026-02-20T13:43:28 EST,SKU0548,B,23,A08-08,190,1,189,103.38,128,191
2026-02-20T13:43:28 EST,SKU0005,B,22,A10-01,161,4,157,137.34,180,371
2026-02-20T13:43:28 EST,SKU0006,B,22,A06-09,158,3,155,145.3,90,196
2026-02-20T13:43:28 EST,SKU0022,B,22,A05-06,221,12,209,122.52,93,114
2026-02-20T13:43:28 EST,SKU0081,B,22,A20-06,140,6,134,133.86,118,220
2026-02-20T13:43:28 EST,SKU0100,B,22,A02-04,132,4,128,34.75,99,187
2026-02-20T13:43:28 EST,SKU0169,B,22,B01-02,116,3,113,46.46,135,261
2026-02-20T13:43:28 EST,SKU0185,B,22,A05-10,110,10,100,40.98,164,428
2026-02-20T13:43:28 EST,SKU0218,B,22,A05-07,199,5,194,92.18,71,114
2026-02-20T13:43:28 EST,SKU0265,B,22,B09-05,197,2,195,194.99,135,268
2026-02-20T13:43:28 EST,SKU0291,B,22,A18-09,111,1,110,200.72,156,353
2026-02-20T13:43:28 EST,SKU0311,B,22,A19-03,155,2,153,172.19,137,246
2026-02-20T13:43:28 EST,SKU0350,B,22,B10-09,113,6,107,220.0,143,316
2026-02-20T13:43:28 EST,SKU0423,B,22,B08-05,130,0,130,184.2,170,348
2026-02-20T13:43:28 EST,SKU0466,B,22,A09-06,175,7,168,22.32,78,189
2026-02-20T13:43:28 EST,SKU0476,B,22,A02-04,160,7,153,184.04,143,225
2026-02-20T13:43:28 EST,SKU0513,B,22,A02-06,133,4,129,99.29,146,255
2026-02-20T13:43:28 EST,SKU0574,B,22,A02-07,131,4,127,179.83,162,317
2026-02-20T13:43:28 EST,SKU0030,B,21,B11-06,111,3,108,67.3,140,260
2026-02-20T13:43:28 EST,SKU0044,B,21,A05-07,190,5,185,182.73,98,265
2026-02-20T13:43:28 EST,SKU0058,B,21,A05-08,168,3,165,57.4,132,342
2026-02-20T13:43:28 EST,SKU0078,B,21,A05-09,215,4,211,21.47,163,326
2026-02-20T13:43:28 EST,SKU0179,B,21,A06-03,175,2,173,41.37,100,198
2026-02-20T13:43:28 EST,SKU0318,B,21,A01-02,187,4,183,89.95,131,196
2026-02-20T13:43:28 EST,SKU0358,B,21,A03-02,108,6,102,148.33,90,234
2026-02-20T13:43:28 EST,SKU0433,B,21,A19-09,102,3,99,97.73,109,364
2026-02-20T13:43:28 EST,SKU0471,B,21,A04-06,129,3,126,168.42,70,235
2026-02-20T13:43:28 EST,SKU0597,B,21,B10-04,212,6,206,195.46,176,300
2026-02-20T13:43:28 EST,SKU0094,B,20,A06-05,102,3,99,30.89,103,201
2026-02-20T13:43:28 EST,SKU0103,B,20,A02-09,104,2,102,158.98,120,236
2026-02-20T13:43:28 EST,SKU0138,B,20,A14-09,199,6,193,193.2,82,143
2026-02-20T13:43:28 EST,SKU0215,B,20,C15-07,180,4,176,126.45,150,270
2026-02-20T13:43:28 EST,SKU0246,B,20,A05-05,106,10,96,120.49,176,390
2026-02-20T13:43:28 EST,SKU0338,B,20,A02-02,128,1,127,208.79,110,282
2026-02-20T13:43:28 EST,SKU0564,B,20,C14-04,161,1,160,53.49,104,163
2026-02-20T13:43:28 EST,SKU0570,B,20,B10-04,142,9,133,23.7,90,168
2026-02-20T13:43:28 EST,SKU0052,B,19,A15-04,93,9,84,174.84,159,351
2026-02-20T13:43:28 EST,SKU0095,B,19,D03-03,93,3,90,159.03,120,274
2026-02-20T13:43:28 EST,SKU0102,B,19,A02-02,103,7,96,132.1,71,196
2026-02-20T13:43:28 EST,SKU0280,B,19,A05-04,193,2,191,86.17,130,146
2026-02-20T13:43:28 EST,SKU0366,B,19,A16-01,196,4,192,199.36,91,199
2026-02-20T13:43:28 EST,SKU0538,B,19,B09-01,140,5,135,187.92,125,308
2026-02-20T13:43:28 EST,SKU0556,B,19,A12-05,98,7,91,211.63,126,332
2026-02-20T13:43:28 EST,SKU0560,B,19,A02-01,176,4,172,201.67,138,285
2026-02-20T13:43:28 EST,SKU0566,B,19,A03-02,172,4,168,155.12,136,154
2026-02-20T13:43:28 EST,SKU0582,B,19,A20-09,188,4,184,41.39,149,189
2026-02-20T13:43:28 EST,SKU0009,B,18,C16-01,183,3,180,156.63,71,212
2026-02-20T13:43:28 EST,SKU0011,B,18,A16-02,170,5,165,32.74,143,189
2026-02-20T13:43:28 EST,SKU0012,B,18,D02-02,185,8,177,17.61,146,267
2026-02-20T13:43:28 EST,SKU0047,B,18,A03-05,145,5,140,143.57,91,180
2026-02-20T13:43:28 EST,SKU0061,B,18,A08-01,151,7,144,134.35,147,194
2026-02-20T13:43:28 EST,SKU0191,B,18,A14-10,147,9,138,136.7,97,238
2026-02-20T13:43:28 EST,SKU0219,B,18,A01-09,89,9,80,165.31,149,384
2026-02-20T13:43:28 EST,SKU0225,B,18,C04-06,116,0,116,93.74,110,210
2026-02-20T13:43:28 EST,SKU0247,B,18,A04-08,91,8,83,49.11,107,214
2026-02-20T13:43:28 EST,SKU0256,B,18,C12-03,91,0,91,40.41,152,259
2026-02-20T13:43:28 EST,SKU0269,B,18,A02-07,166,1,165,213.85,95,181
2026-02-20T13:43:28 EST,SKU0345,B,18,A01-02,184,8,176,73.48,108,212
2026-02-20T13:43:28 EST,SKU0396,B,18,B09-03,151,3,148,158.82,90,209
2026-02-20T13:43:28 EST,SKU0405,B,18,C08-09,166,1,165,201.03,106,210
2026-02-20T13:43:28 EST,SKU0558,B,18,A01-01,108,4,104,47.44,123,303
2026-02-20T13:43:28 EST,SKU0587,B,18,A19-07,178,0,178,55.54,87,197
2026-02-20T13:43:28 EST,SKU0592,B,18,A20-02,133,0,133,84.51,104,223
2026-02-20T13:43:28 EST,SKU0599,B,18,A13-10,97,3,94,92.41,65,256
2026-02-20T13:43:28 EST,SKU0025,B,17,A08-06,100,2,98,195.71,113,285
2026-02-20T13:43:28 EST,SKU0084,B,17,C10-05,172,7,165,138.4,91,225
2026-02-20T13:43:28 EST,SKU0086,B,17,B13-05,157,6,151,200.66,124,171
2026-02-20T13:43:28 EST,SKU0089,B,17,A15-08,120,6,114,144.39,90,242
2026-02-20T13:43:28 EST,SKU0130,B,17,A11-04,151,5,146,165.85,83,102
2026-02-20T13:43:28 EST,SKU0292,B,17,C18-07,87,2,85,129.19,88,188
2026-02-20T13:43:28 EST,SKU0344,B,17,D02-02,89,0,89,11.86,85,251
2026-02-20T13:43:28 EST,SKU0384,B,17,A08-01,125,2,123,171.12,86,131
2026-02-20T13:43:28 EST,SKU0449,B,17,A06-08,169,14,155,82.8,138,224
2026-02-20T13:43:28 EST,SKU0455,B,17,A09-08,82,3,79,210.12,58,265
2026-02-20T13:43:28 EST,SKU0469,B,17,A08-08,134,2,132,29.98,79,132
2026-02-20T13:43:28 EST,SKU0506,B,17,A20-10,119,2,117,47.61,115,302
2026-02-20T13:43:28 EST,SKU0557,B,17,A10-08,101,5,96,13.49,66,271
2026-02-20T13:43:28 EST,SKU0596,B,17,D03-03,160,2,158,35.51,138,284
2026-02-20T13:43:28 EST,SKU0016,B,16,A07-04,101,0,101,57.78,152,307
2026-02-20T13:43:28 EST,SKU0029,B,16,B11-10,116,2,114,207.08,75,183
2026-02-20T13:43:28 EST,SKU0031,B,16,A10-03,102,1,101,154.34,137,243
2026-02-20T13:43:28 EST,SKU0128,B,16,A01-09,119,2,117,26.1,90,259
2026-02-20T13:43:28 EST,SKU0278,B,16,D02-01,111,0,111,105.89,129,194
2026-02-20T13:43:28 EST,SKU0293,B,16,A06-01,110,2,108,47.91,85,135
2026-02-20T13:43:28 EST,SKU0302,B,16,A01-01,160,0,160,144.98,101,213
2026-02-20T13:43:28 EST,SKU0308,B,16,A15-04,100,0,100,85.15,58,118
2026-02-20T13:43:28 EST,SKU0340,B,16,A03-02,117,7,110,201.44,62,233
2026-02-20T13:43:28 EST,SKU0382,B,16,A06-06,120,2,118,128.93,85,125
2026-02-20T13:43:28 EST,SKU0390,B,16,C14-07,120,5,115,136.19,140,180
2026-02-20T13:43:28 EST,SKU0402,B,16,B18-01,150,2,148,116.83,107,245
2026-02-20T13:43:28 EST,SKU0459,B,16,A19-02,163,1,162,12.31,71,180
2026-02-20T13:43:28 EST,SKU0470,B,16,B16-05,118,2,116,131.36,151,193
2026-02-20T13:43:28 EST,SKU0507,B,16,D13-07,131,4,127,154.72,111,252
2026-02-20T13:43:28 EST,SKU0515,B,16,A01-01,135,6,129,46.26,68,205
2026-02-20T13:43:28 EST,SKU0540,B,16,C03-01,135,2,133,100.89,144,233
2026-02-20T13:43:28 EST,SKU0550,B,16,A09-08,168,1,167,102.12,74,146
2026-02-20T13:43:28 EST,SKU0053,B,15,A06-04,75,5,70,51.5,66,216
2026-02-20T13:43:28 EST,SKU0070,B,15,B20-02,158,1,157,83.95,95,207
2026-02-20T13:43:28 EST,SKU0153,B,15,A06-02,126,1,125,67.06,95,164
2026-02-20T13:43:28 EST,SKU0234,B,15,A02-01,153,3,150,84.71,104,161
2026-02-20T13:43:28 EST,SKU0239,B,15,A01-01,94,7,87,24.67,136,207
2026-02-20T13:43:28 EST,SKU0248,B,15,A01-04,117,0,117,172.56,124,277
2026-02-20T13:43:28 EST,SKU0290,B,15,D10-04,107,1,106,16.7,88,146
2026-02-20T13:43:28 EST,SKU0296,B,15,A02-01,87,2,85,211.04,134,302
2026-02-20T13:43:28 EST,SKU0334,B,15,A01-10,118,6,112,144.42,80,157
2026-02-20T13:43:28 EST,SKU0487,B,15,A16-07,91,6,85,195.79,78,227
2026-02-20T13:43:28 EST,SKU0505,B,15,A02-07,103,0,103,79.88,71,208
2026-02-20T13:43:28 EST,SKU0523,B,15,A01-01,126,0,126,102.11,114,243
2026-02-20T13:43:28 EST,SKU0535,B,15,A04-07,82,5,77,166.98,102,260
2026-02-20T13:43:28 EST,SKU0046,B,14,D04-10,134,1,133,52.97,124,144
2026-02-20T13:43:28 EST,SKU0093,B,14,A17-04,112,3,109,98.37,109,179
2026-02-20T13:43:28 EST,SKU0156,B,14,C13-07,70,2,68,126.92,124,278
2026-02-20T13:43:28 EST,SKU0170,B,14,A08-02,87,3,84,38.37,62,213
2026-02-20T13:43:28 EST,SKU0217,B,14,A01-05,69,8,61,83.08,85,170
2026-02-20T13:43:28 EST,SKU0229,B,14,A06-04,82,3,79,212.83,55,183
2026-02-20T13:43:28 EST,SKU0231,B,14,A08-01,134,2,132,208.89,66,142
2026-02-20T13:43:28 EST,SKU0258,B,14,A17-04,95,0,95,23.97,96,197
2026-02-20T13:43:28 EST,SKU0349,B,14,B05-08,97,2,95,48.71,133,246
2026-02-20T13:43:28 EST,SKU0370,B,14,A07-07,111,1,110,160.55,118,189
2026-02-20T13:43:28 EST,SKU0376,B,14,A05-07,75,2,73,58.7,86,193
2026-02-20T13:43:28 EST,SKU0385,B,14,A20-07,143,2,141,172.96,106,145
2026-02-20T13:43:28 EST,SKU0416,B,14,B01-02,130,1,129,29.01,112,150
2026-02-20T13:43:28 EST,SKU0463,B,14,A01-07,129,0,129,87.14,96,191
2026-02-20T13:43:28 EST,SKU0485,B,14,A18-04,81,0,81,50.74,54,211
2026-02-20T13:43:28 EST,SKU0525,B,14,C07-07,130,0,130,162.08,86,152
2026-02-20T13:43:28 EST,SKU0323,B,13,C03-01,86,0,86,39.88,103,225
2026-02-20T13:43:28 EST,SKU0456,B,13,B18-02,105,3,102,123.35,113,216
2026-02-20T13:43:28 EST,SKU0588,B,13,A08-09,95,4,91,216.85,83,222
2026-02-20T13:43:28 EST,SKU0590,B,13,A09-04,124,1,123,58.19,65,175
2026-02-20T13:43:28 EST,SKU0057,C,13,B15-04,109,3,106,180.37,106,192
2026-02-20T13:43:28 EST,SKU0085,C,13,C08-09,99,0,99,162.18,70,140
2026-02-20T13:43:28 EST,SKU0104,C,13,C16-01,105,0,105,88.75,95,120
2026-02-20T13:43:28 EST,SKU0137,C,13,C15-07,106,4,102,95.09,74,111
2026-02-20T13:43:28 EST,SKU0164,C,13,B18-03,109,2,107,14.14,71,118
2026-02-20T13:43:28 EST,SKU0172,C,13,A12-06,58,2,56,22.75,124,248
2026-02-20T13:43:28 EST,SKU0182,C,13,A11-02,85,4,81,207.58,114,198
2026-02-20T13:43:28 EST,SKU0189,C,13,D05-08,51,2,49,101.94,105,210
2026-02-20T13:43:28 EST,SKU0241,C,13,B10-06,84,2,82,166.11,113,172
2026-02-20T13:43:28 EST,SKU0301,C,13,A08-03,36,7,29,25.88,130,224
2026-02-20T13:43:28 EST,SKU0337,C,13,D01-10,56,0,56,157.0,83,235
2026-02-20T13:43:28 EST,SKU0341,C,13,A02-05,73,6,67,27.81,92,240
2026-02-20T13:43:28 EST,SKU0360,C,13,A16-02,57,0,57,139.02,76,188
2026-02-20T13:43:28 EST,SKU0380,C,13,C18-07,41,2,39,49.13,84,199
2026-02-20T13:43:28 EST,SKU0381,C,13,B11-10,104,1,103,151.8,68,185
2026-02-20T13:43:28 EST,SKU0510,C,13,B07-01,110,7,103,64.54,65,150
2026-02-20T13:43:28 EST,SKU0546,C,13,A16-01,69,7,62,14.87,78,139
2026-02-20T13:43:28 EST,SKU0019,C,12,A03-03,75,1,74,86.65,101,158
2026-02-20T13:43:28 EST,SKU0122,C,12,A04-02,81,8,73,74.25,101,236
2026-02-20T13:43:28 EST,SKU0135,C,12,C07-10,40,3,37,127.08,79,207
2026-02-20T13:43:28 EST,SKU0171,C,12,D03-03,49,3,46,147.36,70,189
2026-02-20T13:43:28 EST,SKU0197,C,12,A18-05,69,5,64,151.78,117,228
2026-02-20T13:43:28 EST,SKU0206,C,12,B11-01,48,2,46,170.68,100,256
2026-02-20T13:43:28 EST,SKU0261,C,12,A08-04,77,8,69,106.36,72,175
2026-02-20T13:43:28 EST,SKU0332,C,12,A20-02,46,0,46,25.96,99,209
2026-02-20T13:43:28 EST,SKU0391,C,12,D18-06,76,2,74,193.08,61,165
2026-02-20T13:43:28 EST,SKU0448,C,12,C04-09,52,5,47,8.33,69,149
2026-02-20T13:43:28 EST,SKU0494,C,12,B19-01,66,3,63,145.14,56,146
2026-02-20T13:43:28 EST,SKU0499,C,12,A08-05,73,8,65,65.92,87,182
2026-02-20T13:43:28 EST,SKU0508,C,12,C12-02,78,1,77,85.88,56,122
2026-02-20T13:43:28 EST,SKU0514,C,12,C12-01,57,0,57,218.96,109,220
2026-02-20T13:43:28 EST,SKU0530,C,12,B04-07,36,6,30,175.79,120,216
2026-02-20T13:43:28 EST,SKU0537,C,12,A09-06,79,4,75,14.6,123,188
2026-02-20T13:43:28 EST,SKU0017,C,11,A14-01,48,0,48,121.96,69,208
2026-02-20T13:43:28 EST,SKU0127,C,11,A01-02,32,0,32,27.34,92,247
2026-02-20T13:43:28 EST,SKU0161,C,11,A18-02,72,3,69,137.11,104,153
2026-02-20T13:43:28 EST,SKU0264,C,11,A10-01,56,4,52,152.4,112,199
2026-02-20T13:43:28 EST,SKU0275,C,11,C12-10,35,4,31,133.38,85,248
2026-02-20T13:43:28 EST,SKU0325,C,11,C09-09,67,0,67,148.69,52,172
2026-02-20T13:43:28 EST,SKU0356,C,11,B10-02,53,3,50,164.59,40,152
2026-02-20T13:43:28 EST,SKU0427,C,11,A10-04,47,0,47,200.04,73,202
2026-02-20T13:43:28 EST,SKU0453,C,11,C03-01,74,1,73,118.98,85,121
2026-02-20T13:43:28 EST,SKU0458,C,11,D02-08,68,2,66,115.62,94,202
2026-02-20T13:43:28 EST,SKU0482,C,11,A07-10,59,4,55,159.8,93,232
2026-02-20T13:43:28 EST,SKU0497,C,11,A07-04,36,12,24,18.13,55,217
2026-02-20T13:43:28 EST,SKU0518,C,11,A04-01,63,2,61,77.52,47,94
2026-02-20T13:43:28 EST,SKU0568,C,11,B12-07,67,6,61,50.44,105,236
2026-02-20T13:43:28 EST,SKU0598,C,11,A14-04,53,1,52,21.94,43,111
2026-02-20T13:43:28 EST,SKU0027,C,10,D18-08,54,3,51,184.74,76,142
2026-02-20T13:43:28 EST,SKU0034,C,10,B20-03,82,3,79,58.06,75,93
2026-02-20T13:43:28 EST,SKU0063,C,10,B10-07,64,0,64,216.61,46,92
2026-02-20T13:43:28 EST,SKU0133,C,10,B02-01,71,0,71,20.72,108,187
2026-02-20T13:43:28 EST,SKU0183,C,10,C02-02,68,0,68,134.4,80,182
2026-02-20T13:43:28 EST,SKU0200,C,10,A01-04,58,6,52,73.38,71,153
2026-02-20T13:43:28 EST,SKU0228,C,10,A14-03,74,3,71,93.87,85,151
2026-02-20T13:43:28 EST,SKU0407,C,10,A19-07,55,0,55,195.54,50,105
2026-02-20T13:43:28 EST,SKU0412,C,10,C16-04,63,2,61,89.87,84,141
2026-02-20T13:43:28 EST,SKU0450,C,10,A02-04,78,0,78,128.98,55,117
2026-02-20T13:43:28 EST,SKU0488,C,10,A02-05,67,9,58,74.91,77,130
2026-02-20T13:43:28 EST,SKU0542,C,10,A01-01,57,5,52,58.03,76,189
2026-02-20T13:43:28 EST,SKU0036,C,9,A02-04,58,2,56,215.96,70,129
2026-02-20T13:43:28 EST,SKU0064,C,9,B01-01,67,0,67,217.36,93,116
2026-02-20T13:43:28 EST,SKU0118,C,9,A02-01,53,0,53,183.41,52,89
2026-02-20T13:43:28 EST,SKU0140,C,9,A18-04,37,1,36,97.66,45,98
2026-02-20T13:43:28 EST,SKU0147,C,9,D12-02,78,4,74,40.8,45,111
2026-02-20T13:43:28 EST,SKU0159,C,9,B01-07,48,2,46,151.1,55,106
2026-02-20T13:43:28 EST,SKU0194,C,9,A03-05,60,3,57,116.62,55,157
2026-02-20T13:43:28 EST,SKU0245,C,9,D03-03,47,0,47,142.24,56,144
2026-02-20T13:43:28 EST,SKU0251,C,9,C03-04,70,1,69,144.83,69,152
2026-02-20T13:43:28 EST,SKU0266,C,9,A02-02,78,4,74,144.31,52,118
2026-02-20T13:43:28 EST,SKU0284,C,9,B14-07,70,2,68,27.14,63,83
2026-02-20T13:43:28 EST,SKU0326,C,9,A10-04,32,4,28,202.35,60,118
2026-02-20T13:43:28 EST,SKU0431,C,9,B12-05,58,0,58,207.33,76,135
2026-02-20T13:43:28 EST,SKU0460,C,9,C03-01,62,0,62,193.15,69,151
2026-02-20T13:43:28 EST,SKU0534,C,9,D20-07,37,1,36,116.77,97,195
2026-02-20T13:43:28 EST,SKU0020,C,8,C19-01,48,4,44,209.27,90,130
2026-02-20T13:43:28 EST,SKU0024,C,8,C12-08,24,1,23,162.04,53,149
2026-02-20T13:43:28 EST,SKU0039,C,8,B17-02,44,0,44,144.7,46,106
2026-02-20T13:43:28 EST,SKU0101,C,8,D18-01,56,0,56,140.36,62,118
2026-02-20T13:43:28 EST,SKU0124,C,8,A09-07,29,1,28,210.16,83,166
2026-02-20T13:43:28 EST,SKU0148,C,8,D06-07,55,0,55,110.22,70,111
2026-02-20T13:43:28 EST,SKU0205,C,8,A02-10,39,1,38,208.41,73,162
2026-02-20T13:43:28 EST,SKU0348,C,8,D18-06,45,2,43,170.43,83,118
2026-02-20T13:43:28 EST,SKU0393,C,8,B14-06,59,2,57,109.89,74,111
2026-02-20T13:43:28 EST,SKU0438,C,8,B03-02,55,0,55,143.46,76,141
2026-02-20T13:43:28 EST,SKU0445,C,8,A14-03,31,0,31,129.91,55,136
2026-02-20T13:43:28 EST,SKU0486,C,8,A07-01,36,2,34,175.72,76,120
2026-02-20T13:43:28 EST,SKU0500,C,8,B11-10,52,0,52,177.46,81,141
2026-02-20T13:43:28 EST,SKU0503,C,8,D05-07,51,2,49,101.22,70,107
2026-02-20T13:43:28 EST,SKU0045,C,7,A11-08,48,1,47,27.43,66,130
2026-02-20T13:43:28 EST,SKU0096,C,7,C14-07,43,0,43,102.04,58,92
2026-02-20T13:43:28 EST,SKU0131,C,7,A20-10,46,3,43,87.0,61,134
2026-02-20T13:43:28 EST,SKU0190,C,7,C09-05,39,1,38,97.89,64,95
2026-02-20T13:43:28 EST,SKU0255,C,7,A01-02,42,0,42,44.78,64,99
2026-02-20T13:43:28 EST,SKU0268,C,7,A14-05,63,8,55,76.52,60,67
2026-02-20T13:43:28 EST,SKU0272,C,7,D03-07,30,0,30,107.41,67,107
2026-02-20T13:43:28 EST,SKU0347,C,7,D18-09,46,3,43,80.45,77,115
2026-02-20T13:43:28 EST,SKU0413,C,7,A07-02,49,0,49,25.3,61,124
2026-02-20T13:43:28 EST,SKU0473,C,7,B03-05,42,0,42,82.69,81,144
2026-02-20T13:43:28 EST,SKU0579,C,7,C15-07,52,0,52,124.6,60,85
2026-02-20T13:43:28 EST,SKU0015,C,6,A04-05,54,5,49,32.62,62,80
2026-02-20T13:43:28 EST,SKU0050,C,6,B04-06,29,2,27,78.7,78,157
2026-02-20T13:43:28 EST,SKU0143,C,6,D11-02,28,0,28,68.98,43,93
2026-02-20T13:43:28 EST,SKU0224,C,6,C08-04,54,0,54,99.01,56,98
2026-02-20T13:43:28 EST,SKU0397,C,6,D16-08,47,0,47,117.37,74,87
2026-02-20T13:43:28 EST,SKU0401,C,6,A04-08,47,1,46,103.26,54,73
2026-02-20T13:43:28 EST,SKU0430,C,6,A01-10,32,4,28,39.7,41,99
2026-02-20T13:43:28 EST,SKU0439,C,6,B10-01,37,2,35,140.04,55,108
2026-02-20T13:43:28 EST,SKU0483,C,6,A08-06,31,0,31,208.04,46,81
2026-02-20T13:43:28 EST,SKU0521,C,6,B16-06,56,1,55,160.14,47,75
2026-02-20T13:43:28 EST,SKU0527,C,6,A05-04,18,3,15,138.35,58,142
2026-02-20T13:43:28 EST,SKU0532,C,6,A02-02,24,0,24,150.29,23,95
2026-02-20T13:43:28 EST,SKU0014,C,5,A14-08,36,2,34,219.14,50,79
2026-02-20T13:43:28 EST,SKU0038,C,5,A01-01,19,4,15,199.16,34,105
2026-02-20T13:43:28 EST,SKU0080,C,5,C01-01,38,0,38,84.75,48,80
2026-02-20T13:43:28 EST,SKU0111,C,5,A03-02,20,0,20,146.8,53,123
2026-02-20T13:43:28 EST,SKU0222,C,5,B14-07,34,0,34,24.51,45,66
2026-02-20T13:43:28 EST,SKU0286,C,5,D04-02,30,2,28,89.51,48,78
2026-02-20T13:43:28 EST,SKU0526,C,5,D02-01,36,0,36,201.26,52,96
2026-02-20T13:43:28 EST,SKU0569,C,5,A01-01,48,0,48,36.77,51,63
2026-02-20T13:43:28 EST,SKU0237,C,4,D06-02,21,3,18,100.36,48,79
2026-02-20T13:43:28 EST,SKU0383,C,4,A17-09,28,0,28,101.41,42,58
2026-02-20T13:43:28 EST,SKU0432,C,4,C01-01,33,0,33,137.08,44,55
2026-02-20T13:43:28 EST,SKU0443,C,4,A20-05,35,3,32,121.64,65,98
2026-02-20T13:43:28 EST,SKU0567,C,4,A18-06,20,2,18,219.71,26,78
2026-02-20T13:43:28 EST,SKU0576,C,4,A05-10,19,0,19,217.15,47,76
2026-02-20T13:43:28 EST,SKU0075,C,3,A08-08,14,0,14,34.87,26,60
2026-02-20T13:43:28 EST,SKU0472,C,3,A09-06,30,0,30,36.28,42,42
2026-02-20T13:43:28 EST,SKU0545,C,3,D18-01,19,0,19,209.29,44,67
2026-02-20T13:43:28 EST,SKU0263,C,1,C12-08,12,0,12,130.85,22,21
