order_id,order_time,due_time,priority,sku,qty,pick_location_id
ORD0001,396,600,3,SKU0032,1,C10-05
ORD0001,396,600,3,SKU0271,2,A12-04
ORD0001,396,600,3,SKU0561,5,C08-02
ORD0002,430,600,3,SKU0406,2,A18-04
ORD0002,430,600,3,SKU0077,2,A03-04
ORD0002,430,600,3,SKU0233,1,D13-09
ORD0002,430,600,3,SKU0273,3,B13-09
ORD0003,265,436,3,SKU0094,1,A06-05
ORD0003,265,436,3,SKU0078,3,C20-02
ORD0004,349,418,2,SKU0007,1,B11-06
ORD0004,349,418,2,SKU0253,2,B16-05
ORD0005,293,350,1,SKU0411,2,C15-07
ORD0005,293,350,1,SKU0254,4,A13-05
ORD0005,293,350,1,SKU0398,2,C05-10
ORD0005,293,350,1,SKU0175,2,A06-04
ORD0005,293,350,1,SKU0189,2,D05-08
ORD0006,192,268,2,SKU0210,2,A04-04
ORD0006,192,268,2,SKU0309,3,B10-06
ORD0006,192,268,2,SKU0229,1,A06-04
ORD0006,192,268,2,SKU0004,2,B08-02
ORD0007,44,77,1,SKU0028,2,A01-07
ORD0007,44,77,1,SKU0021,3,D01-01
ORD0008,36,235,3,SKU0196,2,D17-04
ORD0008,36,235,3,SKU0529,2,A14-03
ORD0008,36,235,3,SKU0363,2,B10-04
ORD0008,36,235,3,SKU0487,3,A19-05
ORD0009,41,168,3,SKU0126,2,D03-01
ORD0009,41,168,3,SKU0041,2,C13-08
ORD0009,41,168,3,SKU0210,2,C14-07
ORD0009,41,168,3,SKU0169,2,B01-02
ORD0009,41,168,3,SKU0581,2,D17-10
ORD0010,116,243,3,SKU0214,3,C03-02
ORD0010,116,243,3,SKU0274,2,D18-03
ORD0010,116,243,3,SKU0028,3,C12-04
ORD0011,69,281,3,SKU0294,2,B15-04
ORD0011,69,281,3,SKU0312,2,C09-07
ORD0012,436,600,3,SKU0247,3,A04-08
ORD0012,436,600,3,SKU0488,3,D06-04
ORD0012,436,600,3,SKU0447,1,D04-06
ORD0013,442,540,2,SKU0584,1,B11-03
ORD0013,442,540,2,SKU0142,1,A11-06
ORD0013,442,540,2,SKU0426,1,A01-02
ORD0013,442,540,2,SKU0446,4,A01-04
ORD0013,442,540,2,SKU0561,4,C12-03
ORD0014,388,600,3,SKU0449,3,B02-02
ORD0015,429,600,3,SKU0246,3,D16-03
ORD0015,429,600,3,SKU0049,2,A03-03
ORD0015,429,600,3,SKU0212,3,A02-05
ORD0015,429,600,3,SKU0074,1,A12-03
ORD0016,289,357,2,SKU0475,2,A08-09
ORD0016,289,357,2,SKU0561,4,C01-01
ORD0016,289,357,2,SKU0244,1,D05-06
ORD0017,22,83,2,SKU0352,1,A09-07
ORD0017,22,83,2,SKU0375,4,A05-08
ORD0018,465,506,1,SKU0090,1,C12-02
ORD0018,465,506,1,SKU0375,3,C13-09
ORD0019,213,280,2,SKU0047,2,A09-10
ORD0020,376,469,2,SKU0562,4,B02-02
ORD0020,376,469,2,SKU0487,2,A16-07
ORD0020,376,469,2,SKU0088,3,A06-04
ORD0020,376,469,2,SKU0335,4,D15-05
ORD0020,376,469,2,SKU0509,2,A04-06
ORD0021,466,600,3,SKU0600,3,B19-03
ORD0021,466,600,3,SKU0072,2,A06-09
ORD0021,466,600,3,SKU0298,2,C08-06
ORD0021,466,600,3,SKU0235,2,C01-01
ORD0022,342,544,3,SKU0181,2,C07-04
ORD0022,342,544,3,SKU0092,1,D05-08
ORD0022,342,544,3,SKU0388,1,A03-06
ORD0022,342,544,3,SKU0429,2,C04-02
ORD0022,342,544,3,SKU0198,1,D08-10
ORD0023,257,367,2,SKU0572,2,C01-01
ORD0023,257,367,2,SKU0021,2,C12-10
ORD0023,257,367,2,SKU0428,3,A01-04
ORD0023,257,367,2,SKU0207,3,A10-10
ORD0024,479,600,3,SKU0429,1,B20-06
ORD0025,11,56,1,SKU0394,3,A02-01
ORD0025,11,56,1,SKU0324,4,A02-01
ORD0025,11,56,1,SKU0520,7,A15-06
ORD0026,58,177,2,SKU0373,1,B07-03
ORD0026,58,177,2,SKU0538,2,B20-08
ORD0026,58,177,2,SKU0495,3,B09-02
ORD0026,58,177,2,SKU0197,1,C04-04
ORD0027,281,424,3,SKU0297,2,D15-02
ORD0027,281,424,3,SKU0149,5,A06-08
ORD0027,281,424,3,SKU0032,2,B01-07
ORD0027,281,424,3,SKU0250,2,D20-01
ORD0027,281,424,3,SKU0186,2,C01-09
ORD0028,168,213,1,SKU0572,2,B03-01
ORD0028,168,213,1,SKU0595,2,C14-10
ORD0028,168,213,1,SKU0421,8,A01-01
ORD0028,168,213,1,SKU0585,2,D17-03
ORD0029,241,356,2,SKU0298,1,B19-03
ORD0029,241,356,2,SKU0007,1,D01-10
ORD0029,241,356,2,SKU0004,2,A01-10
ORD0029,241,356,2,SKU0216,2,A05-02
ORD0029,241,356,2,SKU0558,1,A17-03
ORD0030,154,217,2,SKU0296,2,A02-01
ORD0030,154,217,2,SKU0307,1,A11-05
ORD0030,154,217,2,SKU0285,3,A18-02
ORD0031,256,343,2,SKU0553,2,A02-02
ORD0031,256,343,2,SKU0072,3,C03-02
ORD0032,424,521,2,SKU0421,1,D07-06
ORD0032,424,521,2,SKU0333,2,C19-02
ORD0032,424,521,2,SKU0254,3,A10-04
ORD0032,424,521,2,SKU0204,1,B13-09
ORD0032,424,521,2,SKU0492,1,A15-05
ORD0033,377,421,1,SKU0303,2,C04-05
ORD0033,377,421,1,SKU0249,3,B14-07
ORD0033,377,421,1,SKU0479,2,A02-04
ORD0034,356,442,2,SKU0126,1,A02-01
ORD0034,356,442,2,SKU0130,2,C02-01
ORD0035,238,436,3,SKU0442,1,A05-03
ORD0035,238,436,3,SKU0368,1,D20-10
ORD0035,238,436,3,SKU0538,2,C12-07
ORD0035,238,436,3,SKU0479,2,A18-01
ORD0035,238,436,3,SKU0163,1,A11-01
ORD0036,253,291,1,SKU0572,4,C07-06
ORD0037,101,195,2,SKU0114,6,A20-06
ORD0038,406,557,3,SKU0504,1,D18-06
ORD0038,406,557,3,SKU0174,4,D14-09
ORD0038,406,557,3,SKU0477,2,A06-03
ORD0038,406,557,3,SKU0126,6,A01-02
ORD0038,406,557,3,SKU0211,3,C05-09
ORD0039,338,501,3,SKU0317,2,A12-10
ORD0040,335,498,3,SKU0578,3,A13-04
ORD0040,335,498,3,SKU0421,3,D12-07
ORD0040,335,498,3,SKU0572,4,A11-07
ORD0040,335,498,3,SKU0146,1,A17-10
ORD0040,335,498,3,SKU0520,3,B15-04
ORD0041,375,463,2,SKU0180,2,A02-01
ORD0042,288,458,3,SKU0395,2,A11-06
ORD0042,288,458,3,SKU0377,1,A19-01
ORD0042,288,458,3,SKU0126,2,A06-07
ORD0042,288,458,3,SKU0252,1,A17-06
ORD0043,452,563,2,SKU0352,2,B05-04
ORD0043,452,563,2,SKU0132,3,C04-04
ORD0044,153,353,3,SKU0055,1,B14-07
ORD0044,153,353,3,SKU0572,6,A03-02
ORD0044,153,353,3,SKU0182,3,A11-02
ORD0045,257,443,3,SKU0570,3,B12-08
ORD0045,257,443,3,SKU0072,6,A10-03
ORD0045,257,443,3,SKU0107,3,D03-02
ORD0045,257,443,3,SKU0565,2,C12-01
ORD0046,177,369,3,SKU0435,3,B10-01
ORD0046,177,369,3,SKU0549,3,C01-05
ORD0046,177,369,3,SKU0257,2,A01-10
ORD0046,177,369,3,SKU0165,1,A01-04
ORD0047,298,503,3,SKU0047,3,A03-05
ORD0047,298,503,3,SKU0274,6,A07-05
ORD0048,457,588,3,SKU0163,2,C12-10
ORD0049,208,310,2,SKU0352,3,A10-01
ORD0049,208,310,2,SKU0320,2,A19-06
ORD0049,208,310,2,SKU0168,3,A14-03
ORD0049,208,310,2,SKU0221,1,A02-01
ORD0049,208,310,2,SKU0537,1,A11-07
ORD0050,2,237,3,SKU0249,1,C14-05
ORD0050,2,237,3,SKU0556,4,C16-07
ORD0051,128,353,3,SKU0161,1,C20-01
ORD0051,128,353,3,SKU0307,2,D15-09
ORD0051,128,353,3,SKU0318,1,A14-10
ORD0051,128,353,3,SKU0216,4,A16-10
ORD0052,108,172,2,SKU0502,4,C12-10
ORD0053,86,256,3,SKU0149,3,A06-03
ORD0053,86,256,3,SKU0079,1,A01-05
ORD0053,86,256,3,SKU0114,1,D11-09
ORD0053,86,256,3,SKU0002,1,B05-09
ORD0054,27,67,1,SKU0210,3,D01-01
ORD0054,27,67,1,SKU0436,1,B03-01
ORD0054,27,67,1,SKU0341,2,B19-01
ORD0055,431,600,3,SKU0297,4,A04-10
ORD0056,281,359,2,SKU0132,1,C14-10
ORD0056,281,359,2,SKU0304,1,B01-01
ORD0056,281,359,2,SKU0253,2,C01-09
ORD0057,72,221,3,SKU0280,2,A05-04
ORD0058,117,345,3,SKU0121,2,D07-03
ORD0058,117,345,3,SKU0502,3,C15-07
ORD0058,117,345,3,SKU0522,2,C01-01
ORD0058,117,345,3,SKU0281,1,A16-01
ORD0058,117,345,3,SKU0055,2,D20-05
ORD0059,122,218,2,SKU0052,2,A15-08
ORD0059,122,218,2,SKU0425,1,A14-08
ORD0059,122,218,2,SKU0367,2,C20-07
ORD0060,255,333,2,SKU0004,4,B12-01
ORD0061,356,497,3,SKU0213,2,C02-01
ORD0061,356,497,3,SKU0399,1,A16-09
ORD0061,356,497,3,SKU0441,1,A10-06
ORD0061,356,497,3,SKU0007,2,D02-01
ORD0061,356,497,3,SKU0134,3,A18-02
ORD0062,266,349,2,SKU0122,4,B12-03
ORD0062,266,349,2,SKU0362,1,A19-10
ORD0062,266,349,2,SKU0504,3,B08-04
ORD0063,194,389,3,SKU0379,1,B11-10
ORD0063,194,389,3,SKU0203,1,C13-03
ORD0063,194,389,3,SKU0168,4,A03-01
ORD0064,256,450,3,SKU0520,1,D07-02
ORD0064,256,450,3,SKU0157,2,D20-03
ORD0064,256,450,3,SKU0329,2,B11-05
ORD0064,256,450,3,SKU0028,1,A03-10
ORD0064,256,450,3,SKU0394,2,C16-08
ORD0065,364,484,2,SKU0339,4,A01-04
ORD0065,364,484,2,SKU0187,1,A13-02
ORD0065,364,484,2,SKU0200,1,A01-04
ORD0066,407,550,3,SKU0446,1,D01-01
ORD0067,234,449,3,SKU0563,2,B19-10
ORD0067,234,449,3,SKU0250,3,B11-09
ORD0067,234,449,3,SKU0243,3,A15-09
ORD0068,27,253,3,SKU0283,4,C20-09
ORD0068,27,253,3,SKU0267,1,A04-08
ORD0068,27,253,3,SKU0295,3,C01-01
ORD0069,344,555,3,SKU0328,2,A07-07
ORD0069,344,555,3,SKU0435,1,A20-02
ORD0070,429,600,3,SKU0009,3,C16-01
ORD0070,429,600,3,SKU0461,3,C13-03
ORD0071,321,386,2,SKU0430,3,A09-01
ORD0071,321,386,2,SKU0068,3,C04-04
ORD0072,234,270,1,SKU0584,2,A03-01
ORD0072,234,270,1,SKU0403,3,A14-06
ORD0072,234,270,1,SKU0226,2,C02-02
ORD0072,234,270,1,SKU0474,2,C14-07
ORD0072,234,270,1,SKU0524,2,B01-02
ORD0073,49,180,3,SKU0055,3,A04-10
ORD0073,49,180,3,SKU0260,1,A06-01
ORD0074,394,533,3,SKU0151,1,A08-01
ORD0074,394,533,3,SKU0087,2,A14-04
ORD0074,394,533,3,SKU0165,2,A03-06
ORD0074,394,533,3,SKU0216,2,B10-08
ORD0074,394,533,3,SKU0398,2,B03-04
ORD0075,237,418,3,SKU0003,3,C07-08
ORD0075,237,418,3,SKU0115,1,A15-05
ORD0075,237,418,3,SKU0517,1,A14-06
ORD0076,17,161,3,SKU0461,6,A14-01
ORD0076,17,161,3,SKU0504,3,D02-04
ORD0076,17,161,3,SKU0196,2,A20-02
ORD0076,17,161,3,SKU0320,2,A07-03
ORD0077,336,499,3,SKU0428,3,C11-09
ORD0077,336,499,3,SKU0307,2,A11-06
ORD0077,336,499,3,SKU0512,1,A06-08
ORD0078,225,462,3,SKU0345,3,C10-04
ORD0078,225,462,3,SKU0330,2,D18-10
ORD0078,225,462,3,SKU0223,1,A10-03
ORD0078,225,462,3,SKU0464,2,B12-10
ORD0078,225,462,3,SKU0163,3,A02-07
ORD0079,204,314,2,SKU0274,2,A12-01
ORD0079,204,314,2,SKU0213,1,A09-05
ORD0079,204,314,2,SKU0067,3,C12-06
ORD0079,204,314,2,SKU0289,1,B02-01
ORD0080,209,383,3,SKU0452,1,A14-03
ORD0080,209,383,3,SKU0240,2,D08-09
ORD0080,209,383,3,SKU0488,2,A02-05
ORD0080,209,383,3,SKU0114,1,A19-04
ORD0080,209,383,3,SKU0021,3,A08-03
ORD0081,287,331,1,SKU0422,1,A11-07
ORD0081,287,331,1,SKU0074,3,D02-02
ORD0081,287,331,1,SKU0367,3,A13-05
ORD0081,287,331,1,SKU0178,3,A09-03
ORD0082,138,255,2,SKU0208,1,A02-02
ORD0083,358,543,3,SKU0369,5,A11-07
ORD0083,358,543,3,SKU0400,2,C06-01
ORD0083,358,543,3,SKU0199,3,A14-03
ORD0084,359,572,3,SKU0497,4,A07-04
ORD0084,359,572,3,SKU0065,1,A09-06
ORD0084,359,572,3,SKU0594,2,A14-03
ORD0085,236,290,1,SKU0123,1,C01-01
ORD0085,236,290,1,SKU0004,2,A05-01
ORD0086,282,519,3,SKU0004,1,A17-10
ORD0087,161,285,3,SKU0537,1,C04-04
ORD0087,161,285,3,SKU0544,3,D13-06
ORD0088,148,261,2,SKU0481,1,B02-01
ORD0089,371,438,2,SKU0295,1,B10-01
ORD0089,371,438,2,SKU0185,2,C10-10
ORD0089,371,438,2,SKU0361,4,C01-09
ORD0089,371,438,2,SKU0257,2,A01-02
ORD0089,371,438,2,SKU0114,3,D02-01
ORD0090,357,479,3,SKU0049,2,A06-06
ORD0090,357,479,3,SKU0359,2,D13-02
ORD0090,357,479,3,SKU0429,3,D18-03
ORD0090,357,479,3,SKU0021,3,C04-04
ORD0090,357,479,3,SKU0389,2,B16-05
ORD0091,320,540,3,SKU0219,3,A15-04
ORD0091,320,540,3,SKU0482,2,A07-10
ORD0092,144,339,3,SKU0218,3,A05-07
ORD0093,142,225,2,SKU0234,3,A02-01
ORD0093,142,225,2,SKU0274,2,A06-03
ORD0093,142,225,2,SKU0187,3,C07-07
ORD0093,142,225,2,SKU0562,1,D01-02
ORD0093,142,225,2,SKU0081,1,C04-05
ORD0094,418,594,3,SKU0326,2,A10-04
ORD0094,418,594,3,SKU0243,1,A14-10
ORD0094,418,594,3,SKU0490,2,C01-09
ORD0094,418,594,3,SKU0479,1,C01-09
ORD0095,399,600,3,SKU0253,1,C10-08
ORD0095,399,600,3,SKU0114,1,D12-05
ORD0095,399,600,3,SKU0520,3,C12-03
ORD0095,399,600,3,SKU0329,2,A18-09
ORD0096,59,186,3,SKU0535,2,A04-07
ORD0096,59,186,3,SKU0389,3,A10-01
ORD0096,59,186,3,SKU0004,2,A08-03
ORD0097,375,527,3,SKU0489,4,A02-04
ORD0097,375,527,3,SKU0421,2,D01-01
ORD0097,375,527,3,SKU0414,1,C01-09
ORD0098,224,271,1,SKU0187,1,A03-01
ORD0099,124,328,3,SKU0191,2,D07-02
ORD0099,124,328,3,SKU0324,1,B01-01
ORD0099,124,328,3,SKU0252,1,A14-02
ORD0099,124,328,3,SKU0110,1,A09-04
ORD0099,124,328,3,SKU0114,5,D03-02
ORD0100,297,536,3,SKU0029,1,B11-10
ORD0100,297,536,3,SKU0343,1,C14-07
ORD0100,297,536,3,SKU0235,2,C01-01
ORD0101,314,498,3,SKU0335,2,A03-09
ORD0101,314,498,3,SKU0437,3,A08-09
ORD0101,314,498,3,SKU0089,3,A19-10
ORD0102,348,552,3,SKU0180,4,B11-03
ORD0102,348,552,3,SKU0177,3,A05-10
ORD0102,348,552,3,SKU0208,1,A15-03
ORD0102,348,552,3,SKU0394,4,A14-03
ORD0103,426,517,2,SKU0211,4,B09-10
ORD0103,426,517,2,SKU0210,4,A02-01
ORD0103,426,517,2,SKU0194,1,A03-05
ORD0103,426,517,2,SKU0083,2,D18-06
ORD0103,426,517,2,SKU0074,3,A11-10
ORD0104,180,241,2,SKU0257,3,A01-07
ORD0104,180,241,2,SKU0267,3,C13-03
ORD0105,409,549,3,SKU0163,2,C01-02
ORD0105,409,549,3,SKU0283,7,D18-06
ORD0106,170,274,2,SKU0091,1,A01-01
ORD0106,170,274,2,SKU0107,4,A14-03
ORD0106,170,274,2,SKU0530,3,C01-02
ORD0106,170,274,2,SKU0565,1,A05-02
ORD0106,170,274,2,SKU0449,2,D20-05
ORD0107,159,277,2,SKU0249,1,C16-08
ORD0107,159,277,2,SKU0086,3,C09-04
ORD0108,410,569,3,SKU0580,1,D05-09
ORD0109,155,268,2,SKU0015,3,D02-01
ORD0109,155,268,2,SKU0221,5,C13-03
ORD0109,155,268,2,SKU0324,4,A03-05
ORD0109,155,268,2,SKU0492,4,A01-04
ORD0109,155,268,2,SKU0087,2,C02-01
ORD0110,141,231,2,SKU0556,3,A12-05
ORD0110,141,231,2,SKU0276,2,A13-07
ORD0110,141,231,2,SKU0298,2,A03-09
ORD0110,141,231,2,SKU0200,5,C17-02
ORD0111,94,145,1,SKU0365,1,A03-10
ORD0111,94,145,1,SKU0235,4,C20-04
ORD0112,458,600,3,SKU0048,2,B01-02
ORD0112,458,600,3,SKU0531,1,B02-02
ORD0113,339,438,2,SKU0412,2,C16-04
ORD0113,339,438,2,SKU0221,3,C02-10
ORD0113,339,438,2,SKU0429,1,B02-03
ORD0113,339,438,2,SKU0394,4,B14-07
ORD0113,339,438,2,SKU0082,2,A03-06
ORD0114,210,278,2,SKU0352,3,C04-04
ORD0114,210,278,2,SKU0324,1,B16-05
ORD0114,210,278,2,SKU0152,3,A15-05
ORD0115,266,398,3,SKU0597,3,D18-05
ORD0115,266,398,3,SKU0415,2,D18-01
ORD0115,266,398,3,SKU0452,4,A15-08
ORD0115,266,398,3,SKU0210,3,A14-05
ORD0115,266,398,3,SKU0565,2,A06-04
ORD0116,34,93,1,SKU0599,1,D04-06
ORD0116,34,93,1,SKU0271,2,A19-06
ORD0116,34,93,1,SKU0215,2,C17-04
ORD0116,34,93,1,SKU0242,4,B01-02
ORD0117,390,544,3,SKU0242,1,A16-10
ORD0117,390,544,3,SKU0210,1,A01-01
ORD0118,70,277,3,SKU0069,1,A10-04
ORD0119,291,498,3,SKU0058,1,A05-08
ORD0119,291,498,3,SKU0335,1,A19-01
ORD0119,291,498,3,SKU0544,2,C12-04
ORD0119,291,498,3,SKU0238,3,B01-02
ORD0120,107,148,1,SKU0461,3,C12-10
ORD0120,107,148,1,SKU0176,3,D06-07
ORD0120,107,148,1,SKU0564,1,C14-04
ORD0120,107,148,1,SKU0083,2,A01-03
ORD0121,28,218,3,SKU0090,2,B14-07
ORD0121,28,218,3,SKU0261,2,A08-04
ORD0121,28,218,3,SKU0380,2,C18-07
ORD0122,67,219,3,SKU0168,4,B19-01
ORD0122,67,219,3,SKU0300,2,D16-08
ORD0123,397,593,3,SKU0250,4,D01-01
ORD0123,397,593,3,SKU0007,2,A01-03
ORD0123,397,593,3,SKU0285,1,A14-01
ORD0123,397,593,3,SKU0010,2,B02-01
ORD0124,391,428,1,SKU0100,1,A03-02
ORD0124,391,428,1,SKU0303,2,D03-06
ORD0125,315,422,2,SKU0076,2,A14-01
ORD0125,315,422,2,SKU0552,2,A20-01
ORD0125,315,422,2,SKU0461,8,C03-05
ORD0125,315,422,2,SKU0480,1,A16-05
ORD0125,315,422,2,SKU0542,2,A01-01
ORD0126,440,561,3,SKU0208,3,D18-10
ORD0126,440,561,3,SKU0449,1,D18-02
ORD0126,440,561,3,SKU0249,3,B03-01
ORD0127,366,477,2,SKU0353,1,C13-06
ORD0127,366,477,2,SKU0076,2,C01-01
ORD0128,146,210,2,SKU0406,3,A07-02
ORD0128,146,210,2,SKU0578,2,C10-08
ORD0128,146,210,2,SKU0425,2,A03-01
ORD0128,146,210,2,SKU0293,1,D16-07
ORD0128,146,210,2,SKU0375,3,B11-10
ORD0129,15,72,1,SKU0238,5,A15-01
ORD0129,15,72,1,SKU0090,2,A18-03
ORD0129,15,72,1,SKU0109,1,B13-09
ORD0130,342,578,3,SKU0388,1,D03-01
ORD0131,167,375,3,SKU0283,2,A17-10
ORD0131,167,375,3,SKU0032,1,B09-02
ORD0132,100,246,3,SKU0362,2,A01-07
ORD0132,100,246,3,SKU0307,3,A03-08
ORD0132,100,246,3,SKU0180,2,B06-03
ORD0132,100,246,3,SKU0004,3,B11-06
ORD0133,344,517,3,SKU0375,4,D01-10
ORD0133,344,517,3,SKU0478,2,A19-03
ORD0134,44,207,3,SKU0253,3,C15-07
ORD0134,44,207,3,SKU0372,4,A06-01
ORD0134,44,207,3,SKU0059,3,C02-01
ORD0134,44,207,3,SKU0065,5,D03-09
ORD0134,44,207,3,SKU0114,2,C12-10
ORD0135,297,467,3,SKU0299,2,A17-09
ORD0135,297,467,3,SKU0398,1,C01-01
ORD0135,297,467,3,SKU0156,2,C13-07
ORD0135,297,467,3,SKU0441,4,A05-05
ORD0136,129,311,3,SKU0254,1,A13-02
ORD0136,129,311,3,SKU0377,2,A01-02
ORD0136,129,311,3,SKU0424,4,C15-04
ORD0136,129,311,3,SKU0221,1,C12-02
ORD0136,129,311,3,SKU0103,2,A02-09
ORD0137,110,318,3,SKU0199,2,D02-02
ORD0137,110,318,3,SKU0478,3,C04-04
ORD0138,214,377,3,SKU0205,1,A02-10
ORD0138,214,377,3,SKU0038,1,A01-01
ORD0138,214,377,3,SKU0395,2,C03-02
ORD0138,214,377,3,SKU0150,1,D14-02
ORD0138,214,377,3,SKU0157,2,C16-02
ORD0139,156,376,3,SKU0375,5,A06-05
ORD0139,156,376,3,SKU0379,2,C10-10
ORD0139,156,376,3,SKU0191,5,A20-10
ORD0139,156,376,3,SKU0502,3,B01-01
ORD0140,334,442,2,SKU0400,1,A12-05
ORD0140,334,442,2,SKU0376,2,A05-07
ORD0140,334,442,2,SKU0169,1,B09-08
ORD0141,0,63,2,SKU0314,1,A18-02
ORD0141,0,63,2,SKU0114,1,B19-01
ORD0141,0,63,2,SKU0277,2,A18-05
ORD0141,0,63,2,SKU0022,2,C18-06
ORD0142,121,278,3,SKU0092,1,A02-04
ORD0143,131,245,2,SKU0435,5,A02-07
ORD0143,131,245,2,SKU0194,1,A18-04
ORD0144,184,279,2,SKU0327,2,C18-10
ORD0145,156,351,3,SKU0050,2,B04-06
ORD0145,156,351,3,SKU0422,1,B17-06
ORD0145,156,351,3,SKU0560,1,A02-01
ORD0146,69,160,2,SKU0038,1,A16-10
ORD0146,69,160,2,SKU0123,2,C03-01
ORD0147,425,600,3,SKU0509,2,D18-10
ORD0147,425,600,3,SKU0005,3,A10-01
ORD0148,192,289,2,SKU0502,1,A14-01
ORD0149,297,505,3,SKU0008,3,B09-02
ORD0149,297,505,3,SKU0543,1,A18-09
ORD0149,297,505,3,SKU0051,1,A08-08
ORD0150,61,120,1,SKU0517,2,A12-04
ORD0150,61,120,1,SKU0544,1,A06-03
ORD0150,61,120,1,SKU0295,2,B19-04
ORD0150,61,120,1,SKU0207,1,A03-01
ORD0150,61,120,1,SKU0073,2,C18-08
ORD0151,476,600,3,SKU0114,4,B14-07
ORD0151,476,600,3,SKU0285,3,D15-09
ORD0151,476,600,3,SKU0429,2,C05-06
ORD0151,476,600,3,SKU0094,1,A19-09
ORD0151,476,600,3,SKU0262,3,C02-01
ORD0152,238,325,2,SKU0227,1,D16-04
ORD0152,238,325,2,SKU0249,3,A02-02
ORD0152,238,325,2,SKU0029,1,C12-08
ORD0153,96,205,2,SKU0210,5,C14-07
ORD0153,96,205,2,SKU0375,3,D11-09
ORD0153,96,205,2,SKU0125,1,A12-05
ORD0153,96,205,2,SKU0102,3,A15-04
ORD0153,96,205,2,SKU0563,2,A20-10
ORD0154,441,600,3,SKU0309,3,A15-03
ORD0154,441,600,3,SKU0249,3,C12-10
ORD0154,441,600,3,SKU0126,3,D07-02
ORD0154,441,600,3,SKU0054,2,C11-09
ORD0155,148,323,3,SKU0327,1,A15-09
ORD0155,148,323,3,SKU0317,2,D15-08
ORD0155,148,323,3,SKU0126,7,A08-04
ORD0155,148,323,3,SKU0114,1,D03-03
ORD0155,148,323,3,SKU0551,2,A14-09
ORD0156,297,345,1,SKU0184,2,C09-06
ORD0157,48,132,2,SKU0221,4,A03-06
ORD0157,48,132,2,SKU0469,1,A16-07
ORD0158,199,385,3,SKU0373,1,B02-01
ORD0158,199,385,3,SKU0285,1,C01-01
ORD0158,199,385,3,SKU0392,3,D07-02
ORD0158,199,385,3,SKU0142,3,A05-03
ORD0159,411,488,2,SKU0038,2,C11-03
ORD0159,411,488,2,SKU0012,4,D02-02
ORD0159,411,488,2,SKU0218,2,D12-10
ORD0159,411,488,2,SKU0209,2,A06-07
ORD0160,17,58,1,SKU0479,2,A03-07
ORD0160,17,58,1,SKU0361,2,A18-10
ORD0160,17,58,1,SKU0236,1,C06-02
ORD0160,17,58,1,SKU0283,3,B05-07
ORD0161,327,505,3,SKU0330,3,D15-10
ORD0162,13,52,1,SKU0126,1,C14-07
ORD0162,13,52,1,SKU0066,2,B16-08
ORD0162,13,52,1,SKU0316,5,A07-01
ORD0162,13,52,1,SKU0480,3,B02-02
ORD0163,7,175,3,SKU0311,1,A19-03
ORD0163,7,175,3,SKU0126,3,B09-02
ORD0163,7,175,3,SKU0475,3,A02-02
ORD0163,7,175,3,SKU0122,2,D10-07
ORD0164,377,540,3,SKU0375,1,A02-04
ORD0165,340,426,2,SKU0254,1,A04-06
ORD0166,351,584,3,SKU0126,2,C15-07
ORD0166,351,584,3,SKU0303,2,A02-04
ORD0167,231,293,2,SKU0162,1,C01-04
ORD0167,231,293,2,SKU0071,1,B16-08
ORD0167,231,293,2,SKU0236,2,A17-06
ORD0167,231,293,2,SKU0373,5,A11-08
ORD0167,231,293,2,SKU0502,2,A01-01
ORD0168,139,192,1,SKU0041,3,A10-01
ORD0168,139,192,1,SKU0289,1,D02-01
ORD0169,378,593,3,SKU0437,3,A01-02
ORD0169,378,593,3,SKU0544,2,A02-01
ORD0170,253,470,3,SKU0246,4,A05-05
ORD0171,177,349,3,SKU0285,2,A02-01
ORD0171,177,349,3,SKU0395,1,B16-07
ORD0172,420,600,3,SKU0270,2,D18-09
ORD0172,420,600,3,SKU0162,3,A01-02
ORD0172,420,600,3,SKU0266,2,A02-02
ORD0172,420,600,3,SKU0495,2,B17-06
ORD0172,420,600,3,SKU0134,1,D18-06
ORD0173,225,331,2,SKU0291,1,A18-09
ORD0173,225,331,2,SKU0479,2,D11-03
ORD0174,170,320,3,SKU0240,1,A14-03
ORD0174,170,320,3,SKU0157,2,B20-04
ORD0174,170,320,3,SKU0130,3,A11-04
ORD0174,170,320,3,SKU0573,2,A05-05
ORD0174,170,320,3,SKU0553,1,A12-01
ORD0175,335,440,2,SKU0185,2,B11-10
ORD0175,335,440,2,SKU0284,2,B14-07
ORD0175,335,440,2,SKU0114,2,A01-02
ORD0175,335,440,2,SKU0215,2,C15-07
ORD0176,238,426,3,SKU0307,1,C08-02
ORD0176,238,426,3,SKU0502,3,D07-02
ORD0176,238,426,3,SKU0281,3,B10-02
ORD0177,311,536,3,SKU0131,3,A20-10
ORD0177,311,536,3,SKU0486,2,A07-01
ORD0177,311,536,3,SKU0329,1,A12-04
ORD0177,311,536,3,SKU0040,3,A06-04
ORD0178,67,130,2,SKU0210,2,A20-05
ORD0178,67,130,2,SKU0591,2,A04-01
ORD0179,91,233,3,SKU0449,3,A11-10
ORD0179,91,233,3,SKU0058,2,B16-01
ORD0179,91,233,3,SKU0032,4,D08-06
ORD0179,91,233,3,SKU0010,3,D11-09
ORD0179,91,233,3,SKU0123,1,D05-09
ORD0180,4,153,3,SKU0350,1,B11-08
ORD0180,4,153,3,SKU0178,4,A15-02
ORD0180,4,153,3,SKU0176,1,A03-02
ORD0180,4,153,3,SKU0244,1,D03-02
ORD0180,4,153,3,SKU0600,2,A16-10
ORD0181,372,600,3,SKU0546,1,C17-02
ORD0182,210,374,3,SKU0578,1,A10-05
ORD0182,210,374,3,SKU0320,2,C10-10
ORD0183,422,600,3,SKU0574,1,A02-07
ORD0183,422,600,3,SKU0154,2,A11-03
ORD0183,422,600,3,SKU0522,1,A12-03
ORD0183,422,600,3,SKU0068,1,C02-02
ORD0183,422,600,3,SKU0041,1,D02-01
ORD0184,202,330,3,SKU0537,1,A09-06
ORD0185,411,592,3,SKU0469,1,A08-08
ORD0185,411,592,3,SKU0345,2,A01-02
ORD0185,411,592,3,SKU0210,2,B03-01
ORD0185,411,592,3,SKU0479,3,C12-02
ORD0186,401,468,2,SKU0236,3,A14-07
ORD0186,401,468,2,SKU0510,4,B07-01
ORD0186,401,468,2,SKU0157,2,B16-05
ORD0187,216,246,1,SKU0033,3,C12-08
ORD0188,358,533,3,SKU0267,2,C07-09
ORD0188,358,533,3,SKU0345,2,C03-01
ORD0189,197,271,2,SKU0176,3,A13-01
ORD0189,197,271,2,SKU0238,3,A03-01
ORD0190,92,297,3,SKU0374,2,A11-10
ORD0191,16,97,2,SKU0249,1,D18-05
ORD0191,16,97,2,SKU0417,4,A15-02
ORD0191,16,97,2,SKU0141,1,A19-01
ORD0192,460,557,2,SKU0220,1,A17-09
ORD0192,460,557,2,SKU0406,1,C04-05
ORD0192,460,557,2,SKU0195,2,C17-02
ORD0192,460,557,2,SKU0044,1,A19-08
ORD0192,460,557,2,SKU0417,4,B16-01
ORD0193,119,350,3,SKU0239,2,A01-01
ORD0194,375,409,1,SKU0349,2,B05-08
ORD0194,375,409,1,SKU0529,1,A09-02
ORD0195,326,421,2,SKU0083,2,B10-04
ORD0196,38,212,3,SKU0511,2,B20-10
ORD0196,38,212,3,SKU0419,3,A20-04
ORD0196,38,212,3,SKU0073,2,B20-01
ORD0196,38,212,3,SKU0459,1,A19-02
ORD0196,38,212,3,SKU0477,1,B09-10
ORD0197,169,321,3,SKU0471,3,A04-06
ORD0197,169,321,3,SKU0113,4,A03-02
ORD0197,169,321,3,SKU0072,4,A05-06
ORD0197,169,321,3,SKU0100,1,A16-06
ORD0198,470,552,2,SKU0303,3,A19-03
ORD0198,470,552,2,SKU0341,2,B14-09
ORD0199,10,136,3,SKU0055,2,A01-06
ORD0199,10,136,3,SKU0144,1,C03-02
ORD0200,122,344,3,SKU0321,3,A04-01
ORD0200,122,344,3,SKU0163,1,B13-07
ORD0200,122,344,3,SKU0452,3,C14-01
ORD0201,414,453,1,SKU0194,1,D18-04
ORD0201,414,453,1,SKU0313,1,B01-02
ORD0202,217,435,3,SKU0393,2,B14-06
ORD0202,217,435,3,SKU0421,3,C13-03
ORD0202,217,435,3,SKU0168,3,A02-07
ORD0202,217,435,3,SKU0198,1,A04-04
ORD0202,217,435,3,SKU0084,4,D01-05
ORD0203,30,152,3,SKU0066,5,A17-04
ORD0204,326,506,3,SKU0492,3,A07-07
ORD0205,372,474,2,SKU0361,1,A01-08
ORD0206,434,512,2,SKU0492,3,A12-09
ORD0206,434,512,2,SKU0421,3,A02-04
ORD0206,434,512,2,SKU0406,2,C13-06
ORD0207,81,197,2,SKU0041,2,B20-04
ORD0207,81,197,2,SKU0435,1,A02-01
ORD0208,477,600,3,SKU0421,6,C15-07
ORD0208,477,600,3,SKU0117,1,C01-01
ORD0208,477,600,3,SKU0153,1,A06-02
ORD0209,248,288,1,SKU0437,1,A17-07
ORD0210,393,497,2,SKU0588,1,C20-10
ORD0210,393,497,2,SKU0544,2,A07-03
ORD0211,175,283,2,SKU0544,4,A06-10
ORD0211,175,283,2,SKU0114,2,B03-02
ORD0212,64,162,2,SKU0088,1,A06-04
ORD0212,64,162,2,SKU0379,3,D01-10
ORD0212,64,162,2,SKU0126,3,D11-09
ORD0213,72,307,3,SKU0113,5,A09-08
ORD0214,467,498,1,SKU0144,2,A08-04
ORD0214,467,498,1,SKU0502,1,D01-02
ORD0214,467,498,1,SKU0479,1,C12-02
ORD0215,145,183,1,SKU0003,1,A14-07
ORD0216,389,538,3,SKU0020,2,C19-01
ORD0216,389,538,3,SKU0226,1,C01-02
ORD0217,113,204,2,SKU0074,2,D20-09
ORD0217,113,204,2,SKU0008,1,A10-09
ORD0218,461,587,3,SKU0154,2,A02-09
ORD0218,461,587,3,SKU0060,3,C13-07
ORD0218,461,587,3,SKU0452,1,A10-07
ORD0218,461,587,3,SKU0375,1,D11-09
ORD0219,140,213,2,SKU0480,1,A05-02
ORD0219,140,213,2,SKU0178,3,A19-08
ORD0219,140,213,2,SKU0052,3,A15-04
ORD0220,285,385,2,SKU0597,2,B14-02
ORD0220,285,385,2,SKU0285,2,B11-03
ORD0220,285,385,2,SKU0479,2,D01-02
ORD0221,254,408,3,SKU0374,3,A01-04
ORD0221,254,408,3,SKU0522,4,B06-10
ORD0221,254,408,3,SKU0577,1,C12-02
ORD0221,254,408,3,SKU0126,2,A11-01
ORD0222,134,189,1,SKU0213,3,B09-02
ORD0222,134,189,1,SKU0262,1,C05-06
ORD0222,134,189,1,SKU0051,1,D09-01
ORD0222,134,189,1,SKU0346,2,A19-06
ORD0223,240,435,3,SKU0552,2,B12-05
ORD0223,240,435,3,SKU0475,2,A09-09
ORD0224,69,304,3,SKU0317,2,A16-01
ORD0224,69,304,3,SKU0377,1,B17-09
ORD0225,232,399,3,SKU0186,2,A16-04
ORD0225,232,399,3,SKU0035,1,D02-02
ORD0225,232,399,3,SKU0282,1,B19-01
ORD0225,232,399,3,SKU0501,2,A12-09
ORD0225,232,399,3,SKU0562,3,C02-01
ORD0226,209,250,1,SKU0305,5,A07-09
ORD0226,209,250,1,SKU0015,2,A04-05
ORD0226,209,250,1,SKU0246,2,A11-01
ORD0226,209,250,1,SKU0142,3,C01-02
ORD0226,209,250,1,SKU0317,2,A05-02
ORD0227,345,520,3,SKU0375,4,D01-10
ORD0228,355,412,1,SKU0396,1,B09-03
ORD0228,355,412,1,SKU0409,2,D13-07
ORD0228,355,412,1,SKU0210,1,A16-02
ORD0228,355,412,1,SKU0139,1,A17-04
ORD0228,355,412,1,SKU0479,4,C12-10
ORD0229,20,107,2,SKU0572,1,A01-04
ORD0229,20,107,2,SKU0543,2,D03-03
ORD0229,20,107,2,SKU0421,2,B11-10
ORD0229,20,107,2,SKU0479,3,C18-02
ORD0229,20,107,2,SKU0394,2,B02-01
ORD0230,371,476,2,SKU0501,2,C08-07
ORD0230,371,476,2,SKU0502,1,A15-01
ORD0230,371,476,2,SKU0070,1,B20-02
ORD0230,371,476,2,SKU0066,1,D03-03
ORD0230,371,476,2,SKU0167,1,D03-01
ORD0231,89,315,3,SKU0180,5,B04-08
ORD0231,89,315,3,SKU0271,2,B02-05
ORD0231,89,315,3,SKU0079,2,D01-10
ORD0231,89,315,3,SKU0502,2,C01-02
ORD0232,325,474,3,SKU0314,2,A19-09
ORD0232,325,474,3,SKU0329,1,C04-04
ORD0232,325,474,3,SKU0584,5,A19-09
ORD0232,325,474,3,SKU0455,2,A09-08
ORD0232,325,474,3,SKU0073,2,A07-08
ORD0233,91,301,3,SKU0155,3,C18-03
ORD0233,91,301,3,SKU0292,2,C18-07
ORD0233,91,301,3,SKU0180,3,D03-02
ORD0233,91,301,3,SKU0422,1,B03-01
ORD0233,91,301,3,SKU0566,1,D09-06
ORD0234,136,229,2,SKU0425,2,D03-01
ORD0234,136,229,2,SKU0315,3,C02-02
ORD0234,136,229,2,SKU0129,1,D03-10
ORD0234,136,229,2,SKU0074,1,B17-04
ORD0235,243,404,3,SKU0076,2,D18-07
ORD0235,243,404,3,SKU0497,2,C12-05
ORD0236,49,220,3,SKU0375,4,B19-01
ORD0236,49,220,3,SKU0568,3,D01-01
ORD0237,187,332,3,SKU0007,2,C01-02
ORD0237,187,332,3,SKU0425,1,A20-05
ORD0237,187,332,3,SKU0529,1,A15-08
ORD0237,187,332,3,SKU0046,1,D04-10
ORD0238,205,301,2,SKU0114,3,A01-06
ORD0238,205,301,2,SKU0126,4,C13-03
ORD0238,205,301,2,SKU0201,4,A09-08
ORD0238,205,301,2,SKU0358,2,A03-02
ORD0239,379,600,3,SKU0553,1,A17-05
ORD0239,379,600,3,SKU0388,1,C01-02
ORD0239,379,600,3,SKU0066,5,B10-09
ORD0239,379,600,3,SKU0571,1,C13-05
ORD0239,379,600,3,SKU0165,1,A17-07
ORD0240,422,600,3,SKU0032,1,D01-10
ORD0240,422,600,3,SKU0117,1,A16-03
ORD0240,422,600,3,SKU0574,3,D03-01
ORD0240,422,600,3,SKU0053,3,B09-07
ORD0241,57,95,1,SKU0365,2,A20-07
ORD0241,57,95,1,SKU0114,1,D11-09
ORD0241,57,95,1,SKU0474,1,C02-09
ORD0242,205,395,3,SKU0283,1,D07-05
ORD0242,205,395,3,SKU0311,1,D03-01
ORD0243,250,447,3,SKU0379,2,D03-01
ORD0243,250,447,3,SKU0213,4,A02-09
ORD0243,250,447,3,SKU0560,2,A05-08
ORD0243,250,447,3,SKU0048,1,B08-08
ORD0244,297,424,3,SKU0098,3,D03-02
ORD0245,280,376,2,SKU0396,2,B19-01
ORD0245,280,376,2,SKU0417,1,B03-02
ORD0245,280,376,2,SKU0223,1,A15-04
ORD0245,280,376,2,SKU0008,4,C10-02
ORD0246,220,258,1,SKU0562,6,D03-01
ORD0247,301,466,3,SKU0395,3,D18-06
ORD0247,301,466,3,SKU0197,2,A18-05
ORD0248,205,290,2,SKU0123,3,C02-07
ORD0249,357,473,2,SKU0484,1,D20-09
ORD0249,357,473,2,SKU0511,1,A01-02
ORD0249,357,473,2,SKU0249,1,A03-02
ORD0249,357,473,2,SKU0414,4,B09-03
ORD0250,414,536,3,SKU0352,1,C20-04
ORD0250,414,536,3,SKU0216,2,D12-07
ORD0251,367,410,1,SKU0314,2,A04-06
ORD0251,367,410,1,SKU0421,1,C01-01
ORD0251,367,410,1,SKU0351,4,C20-10
ORD0252,85,240,3,SKU0424,2,A19-06
ORD0253,237,392,3,SKU0207,3,D03-03
ORD0253,237,392,3,SKU0262,1,D05-05
ORD0253,237,392,3,SKU0502,1,B04-06
ORD0254,89,277,3,SKU0132,5,D05-03
ORD0254,89,277,3,SKU0123,1,B12-06
ORD0254,89,277,3,SKU0084,1,C10-05
ORD0254,89,277,3,SKU0193,2,B02-04
ORD0255,243,358,2,SKU0162,3,D16-02
ORD0255,243,358,2,SKU0294,4,C01-09
ORD0255,243,358,2,SKU0055,1,A05-08
ORD0256,161,265,2,SKU0048,4,A13-06
ORD0257,45,130,2,SKU0422,1,C02-02
ORD0258,272,360,2,SKU0289,2,A10-07
ORD0258,272,360,2,SKU0417,3,C15-07
ORD0259,189,393,3,SKU0437,3,A15-03
ORD0259,189,393,3,SKU0374,3,A11-01
ORD0260,179,384,3,SKU0253,1,A08-04
ORD0260,179,384,3,SKU0421,1,B02-02
ORD0260,179,384,3,SKU0364,5,C01-09
ORD0261,451,600,3,SKU0502,3,C09-10
ORD0261,451,600,3,SKU0403,1,A08-09
ORD0261,451,600,3,SKU0037,1,C14-09
ORD0261,451,600,3,SKU0461,2,C10-04
ORD0261,451,600,3,SKU0495,1,D02-02
ORD0262,296,528,3,SKU0142,4,B05-08
ORD0262,296,528,3,SKU0557,4,C12-01
ORD0262,296,528,3,SKU0511,2,B02-01
ORD0262,296,528,3,SKU0299,1,A10-06
ORD0262,296,528,3,SKU0045,1,A11-08
ORD0263,400,600,3,SKU0178,2,A05-01
ORD0263,400,600,3,SKU0522,2,C12-02
ORD0263,400,600,3,SKU0358,2,A06-05
ORD0263,400,600,3,SKU0366,4,A16-01
ORD0263,400,600,3,SKU0243,3,D09-02
ORD0264,85,238,3,SKU0395,2,A07-01
ORD0264,85,238,3,SKU0249,2,A16-06
ORD0265,93,170,2,SKU0162,2,C16-09
ORD0265,93,170,2,SKU0553,2,A05-04
ORD0265,93,170,2,SKU0351,3,D03-02
ORD0265,93,170,2,SKU0317,2,A02-02
ORD0266,389,596,3,SKU0126,2,C10-10
ORD0267,105,327,3,SKU0584,2,B10-02
ORD0267,105,327,3,SKU0180,2,A03-06
ORD0267,105,327,3,SKU0054,2,C15-02
ORD0267,105,327,3,SKU0211,3,A17-09
ORD0268,115,236,3,SKU0123,2,A17-08
ORD0268,115,236,3,SKU0533,2,B06-02
ORD0269,326,521,3,SKU0425,1,C17-01
ORD0269,326,521,3,SKU0330,2,A12-09
ORD0270,323,479,3,SKU0435,5,B11-02
ORD0270,323,479,3,SKU0107,2,A01-01
ORD0270,323,479,3,SKU0088,1,D03-01
ORD0270,323,479,3,SKU0211,1,C04-06
ORD0271,185,268,2,SKU0213,1,C14-07
ORD0271,185,268,2,SKU0324,1,C03-02
ORD0272,25,169,3,SKU0216,2,B11-02
ORD0273,230,458,3,SKU0146,1,A09-08
ORD0273,230,458,3,SKU0246,1,A14-03
ORD0273,230,458,3,SKU0499,2,A08-05
ORD0273,230,458,3,SKU0474,3,A03-07
ORD0274,125,161,1,SKU0356,3,B10-02
ORD0274,125,161,1,SKU0528,3,A01-02
ORD0274,125,161,1,SKU0529,2,C02-01
ORD0274,125,161,1,SKU0435,2,A19-06
ORD0274,125,161,1,SKU0024,1,C12-08
ORD0275,200,257,1,SKU0504,2,D19-07
ORD0275,200,257,1,SKU0285,2,B14-07
ORD0275,200,257,1,SKU0595,2,A06-07
ORD0276,161,381,3,SKU0180,3,A02-10
ORD0277,61,183,3,SKU0584,4,D11-09
ORD0277,61,183,3,SKU0151,1,C10-10
ORD0278,28,184,3,SKU0353,2,B14-07
ORD0278,28,184,3,SKU0093,1,A17-04
ORD0279,342,476,3,SKU0475,3,A13-04
ORD0279,342,476,3,SKU0498,2,D17-05
ORD0280,108,244,3,SKU0314,1,A04-08
ORD0281,297,425,3,SKU0257,1,A02-06
ORD0281,297,425,3,SKU0474,1,B01-02
ORD0281,297,425,3,SKU0429,1,A09-04
ORD0281,297,425,3,SKU0253,4,D18-05
ORD0281,297,425,3,SKU0209,1,C17-02
ORD0282,193,254,2,SKU0083,1,A16-07
ORD0282,193,254,2,SKU0578,1,D12-07
ORD0283,324,467,3,SKU0221,5,C03-01
ORD0283,324,467,3,SKU0373,2,A03-02
ORD0283,324,467,3,SKU0109,1,D11-10
ORD0284,144,192,1,SKU0363,2,A08-09
ORD0284,144,192,1,SKU0074,6,A16-10
ORD0284,144,192,1,SKU0304,1,B11-08
ORD0284,144,192,1,SKU0428,3,B17-03
ORD0284,144,192,1,SKU0594,1,D02-02
ORD0285,296,437,3,SKU0119,2,A01-02
ORD0285,296,437,3,SKU0289,1,B08-09
ORD0286,381,548,3,SKU0562,2,B01-02
ORD0286,381,548,3,SKU0073,2,A04-09
ORD0286,381,548,3,SKU0493,1,C15-09
ORD0287,209,396,3,SKU0149,1,A02-02
ORD0288,222,254,1,SKU0448,2,D07-05
ORD0288,222,254,1,SKU0216,1,A02-07
ORD0288,222,254,1,SKU0174,3,C12-04
ORD0289,3,187,3,SKU0372,1,B10-09
ORD0289,3,187,3,SKU0249,2,C01-01
ORD0289,3,187,3,SKU0562,3,A05-04
ORD0289,3,187,3,SKU0033,2,C12-09
ORD0290,265,420,3,SKU0479,5,D18-04
ORD0290,265,420,3,SKU0510,1,D08-05
ORD0290,265,420,3,SKU0398,1,D05-03
ORD0290,265,420,3,SKU0032,4,C04-04
ORD0290,265,420,3,SKU0335,4,C04-04
ORD0291,93,167,2,SKU0055,1,A06-04
ORD0291,93,167,2,SKU0346,2,A05-05
ORD0291,93,167,2,SKU0379,2,B14-07
ORD0291,93,167,2,SKU0497,2,C16-05
ORD0292,245,450,3,SKU0570,3,B17-06
ORD0292,245,450,3,SKU0157,2,C02-01
ORD0292,245,450,3,SKU0060,1,D01-01
ORD0292,245,450,3,SKU0560,1,C03-01
ORD0292,245,450,3,SKU0352,2,A11-07
ORD0293,129,181,1,SKU0508,1,C12-02
ORD0293,129,181,1,SKU0157,4,D02-02
ORD0293,129,181,1,SKU0056,2,A01-02
ORD0294,104,143,1,SKU0352,1,B09-02
ORD0294,104,143,1,SKU0353,3,C01-01
ORD0294,104,143,1,SKU0267,1,A16-05
ORD0294,104,143,1,SKU0491,2,A07-08
ORD0295,280,496,3,SKU0314,2,D07-02
ORD0295,280,496,3,SKU0561,4,C13-03
ORD0295,280,496,3,SKU0288,1,B14-07
ORD0295,280,496,3,SKU0294,1,B03-01
ORD0295,280,496,3,SKU0082,1,A06-08
ORD0296,327,379,1,SKU0584,7,B03-02
ORD0296,327,379,1,SKU0142,1,B17-01
ORD0296,327,379,1,SKU0476,1,A03-06
ORD0296,327,379,1,SKU0042,1,D11-02
ORD0297,27,121,2,SKU0032,1,C14-07
ORD0298,240,339,2,SKU0128,1,A01-09
ORD0298,240,339,2,SKU0577,1,D04-02
ORD0298,240,339,2,SKU0371,2,D10-03
ORD0298,240,339,2,SKU0167,2,B05-05
ORD0299,55,160,2,SKU0204,3,B12-01
ORD0299,55,160,2,SKU0006,1,C12-08
ORD0299,55,160,2,SKU0416,1,B01-02
ORD0299,55,160,2,SKU0076,1,C12-03
ORD0300,241,360,2,SKU0553,5,B11-03
ORD0300,241,360,2,SKU0126,1,B18-05
ORD0301,364,490,3,SKU0388,2,B09-02
ORD0301,364,490,3,SKU0157,2,C05-06
ORD0301,364,490,3,SKU0178,1,A20-04
ORD0301,364,490,3,SKU0480,1,A09-07
ORD0302,12,84,2,SKU0212,3,A17-03
ORD0302,12,84,2,SKU0477,1,D18-07
ORD0302,12,84,2,SKU0216,1,A13-03
ORD0302,12,84,2,SKU0071,2,B01-01
ORD0303,257,375,2,SKU0163,2,C12-05
ORD0304,256,474,3,SKU0322,3,A05-06
ORD0304,256,474,3,SKU0088,2,D12-05
ORD0304,256,474,3,SKU0449,1,A10-03
ORD0305,198,438,3,SKU0470,2,B16-05
ORD0305,198,438,3,SKU0273,4,D14-07
ORD0305,198,438,3,SKU0114,2,C02-01
ORD0305,198,438,3,SKU0168,2,C02-01
ORD0306,102,255,3,SKU0324,2,B16-05
ORD0306,102,255,3,SKU0210,2,C04-08
ORD0307,221,341,2,SKU0114,2,B02-02
ORD0307,221,341,2,SKU0203,1,A02-03
ORD0308,239,289,1,SKU0464,1,A02-04
ORD0308,239,289,1,SKU0204,2,D06-08
ORD0308,239,289,1,SKU0479,4,B02-02
ORD0308,239,289,1,SKU0249,2,B19-01
ORD0308,239,289,1,SKU0429,1,A05-07
ORD0309,416,546,3,SKU0301,2,D15-01
ORD0310,64,105,1,SKU0578,3,D18-01
ORD0310,64,105,1,SKU0324,3,D07-02
ORD0310,64,105,1,SKU0048,2,C14-07
ORD0310,64,105,1,SKU0379,1,B09-02
ORD0310,64,105,1,SKU0353,1,D19-01
ORD0311,373,482,2,SKU0266,1,B08-02
ORD0311,373,482,2,SKU0572,5,C03-01
ORD0312,218,259,1,SKU0123,2,A09-03
ORD0313,134,167,1,SKU0126,3,C13-03
ORD0313,134,167,1,SKU0578,2,D13-07
ORD0313,134,167,1,SKU0098,1,A02-03
ORD0314,131,240,2,SKU0114,3,C13-03
ORD0314,131,240,2,SKU0444,1,D02-02
ORD0314,131,240,2,SKU0589,2,C04-06
ORD0314,131,240,2,SKU0567,2,A18-06
ORD0314,131,240,2,SKU0126,4,A02-07
ORD0315,392,600,3,SKU0300,1,D06-07
ORD0315,392,600,3,SKU0461,1,D03-02
ORD0315,392,600,3,SKU0493,3,A02-09
ORD0315,392,600,3,SKU0350,1,D06-07
ORD0315,392,600,3,SKU0373,5,A05-10
ORD0316,53,200,3,SKU0352,1,A15-01
ORD0316,53,200,3,SKU0307,2,D03-01
ORD0316,53,200,3,SKU0297,1,A07-02
ORD0316,53,200,3,SKU0209,1,B16-06
ORD0316,53,200,3,SKU0054,2,C01-03
ORD0317,115,195,2,SKU0221,3,C02-01
ORD0317,115,195,2,SKU0071,1,A02-01
ORD0317,115,195,2,SKU0192,3,C12-04
ORD0317,115,195,2,SKU0394,5,A07-03
ORD0317,115,195,2,SKU0178,2,A03-10
ORD0318,246,335,2,SKU0244,2,D09-05
ORD0318,246,335,2,SKU0145,2,A16-05
ORD0318,246,335,2,SKU0165,3,A14-01
ORD0319,284,382,2,SKU0352,3,A01-02
ORD0320,186,329,3,SKU0093,2,D17-05
ORD0320,186,329,3,SKU0261,3,A17-02
ORD0320,186,329,3,SKU0297,1,B10-10
ORD0320,186,329,3,SKU0244,2,A03-02
ORD0321,452,594,3,SKU0572,1,C14-07
ORD0321,452,594,3,SKU0244,1,B15-06
ORD0321,452,594,3,SKU0303,4,A04-10
ORD0321,452,594,3,SKU0584,5,C01-01
ORD0322,136,271,3,SKU0577,2,D01-09
ORD0322,136,271,3,SKU0562,2,C04-04
ORD0322,136,271,3,SKU0467,4,A17-06
ORD0323,8,62,1,SKU0517,2,C12-02
ORD0324,220,319,2,SKU0461,1,C05-07
ORD0325,153,366,3,SKU0502,2,C12-10
ORD0325,153,366,3,SKU0315,1,B03-01
ORD0325,153,366,3,SKU0163,3,C18-07
ORD0325,153,366,3,SKU0398,1,B09-04
ORD0326,269,331,2,SKU0184,1,D12-02
ORD0326,269,331,2,SKU0249,2,A15-09
ORD0327,8,238,3,SKU0317,3,A07-01
ORD0327,8,238,3,SKU0398,4,A07-10
ORD0327,8,238,3,SKU0252,1,D20-06
ORD0328,324,536,3,SKU0117,1,C02-03
ORD0328,324,536,3,SKU0350,1,B18-02
ORD0328,324,536,3,SKU0543,1,A08-01
ORD0329,234,444,3,SKU0492,2,A02-05
ORD0330,228,321,2,SKU0260,1,C04-04
ORD0330,228,321,2,SKU0503,2,D05-07
ORD0330,228,321,2,SKU0335,3,B02-02
ORD0331,16,101,2,SKU0527,3,A05-04
ORD0331,16,101,2,SKU0492,4,A08-02
ORD0332,85,323,3,SKU0287,4,A06-10
ORD0332,85,323,3,SKU0405,1,C08-09
ORD0332,85,323,3,SKU0461,1,C09-08
ORD0332,85,323,3,SKU0010,1,A13-04
ORD0333,261,379,2,SKU0379,1,B10-07
ORD0333,261,379,2,SKU0411,2,B11-07
ORD0333,261,379,2,SKU0513,3,A02-06
ORD0334,130,226,2,SKU0372,2,A12-09
ORD0334,130,226,2,SKU0286,2,D04-02
ORD0334,130,226,2,SKU0067,1,B13-08
ORD0334,130,226,2,SKU0452,3,C04-04
ORD0335,163,276,2,SKU0597,1,B10-04
ORD0335,163,276,2,SKU0437,5,A19-03
ORD0335,163,276,2,SKU0381,1,B11-10
ORD0335,163,276,2,SKU0216,1,A05-08
ORD0335,163,276,2,SKU0034,2,B20-03
ORD0336,434,513,2,SKU0562,4,A03-01
ORD0336,434,513,2,SKU0004,1,A16-06
ORD0336,434,513,2,SKU0435,1,B10-08
ORD0336,434,513,2,SKU0542,3,A06-03
ORD0337,299,384,2,SKU0476,2,A02-04
ORD0337,299,384,2,SKU0593,1,D10-09
ORD0338,419,524,2,SKU0479,3,B03-01
ORD0339,115,224,2,SKU0235,2,B03-02
ORD0339,115,224,2,SKU0421,1,B03-02
ORD0339,115,224,2,SKU0390,3,D12-02
ORD0339,115,224,2,SKU0375,2,B14-07
ORD0339,115,224,2,SKU0178,1,A01-07
ORD0340,256,408,3,SKU0168,4,C04-04
ORD0340,256,408,3,SKU0573,1,A05-03
ORD0340,256,408,3,SKU0364,2,A05-01
ORD0341,356,544,3,SKU0159,2,B01-07
ORD0341,356,544,3,SKU0303,2,B12-06
ORD0341,356,544,3,SKU0495,3,D15-10
ORD0341,356,544,3,SKU0157,3,D01-10
ORD0342,120,217,2,SKU0244,1,C17-04
ORD0343,165,385,3,SKU0134,3,A17-10
ORD0344,290,332,1,SKU0089,1,D03-01
ORD0344,290,332,1,SKU0400,1,A05-01
ORD0344,290,332,1,SKU0494,2,D01-01
ORD0345,466,600,3,SKU0339,3,A11-10
ORD0345,466,600,3,SKU0247,1,B11-03
ORD0346,184,347,3,SKU0584,1,A02-01
ORD0346,184,347,3,SKU0126,3,A02-04
ORD0346,184,347,3,SKU0211,1,A20-04
ORD0346,184,347,3,SKU0217,3,C19-01
ORD0347,399,600,3,SKU0566,2,A03-02
ORD0347,399,600,3,SKU0285,2,B11-03
ORD0347,399,600,3,SKU0339,3,A11-01
ORD0348,332,488,3,SKU0032,1,C02-02
ORD0348,332,488,3,SKU0192,2,B15-10
ORD0348,332,488,3,SKU0180,2,A02-07
ORD0348,332,488,3,SKU0479,5,D07-02
ORD0349,154,294,3,SKU0068,2,D18-06
ORD0350,78,241,3,SKU0083,2,B01-02
ORD0351,150,189,1,SKU0136,1,D18-02
ORD0352,171,402,3,SKU0176,2,D06-05
ORD0352,171,402,3,SKU0572,2,A02-07
ORD0352,171,402,3,SKU0048,2,D18-08
ORD0353,127,249,3,SKU0021,4,B05-03
ORD0353,127,249,3,SKU0174,1,D10-09
ORD0353,127,249,3,SKU0022,4,A08-01
ORD0353,127,249,3,SKU0253,2,C13-07
ORD0354,162,252,2,SKU0092,3,A12-02
ORD0354,162,252,2,SKU0406,3,A14-05
ORD0354,162,252,2,SKU0549,2,A17-06
ORD0354,162,252,2,SKU0367,1,C18-08
ORD0354,162,252,2,SKU0330,1,C02-10
ORD0355,129,236,2,SKU0495,1,A11-03
ORD0355,129,236,2,SKU0240,2,A10-01
ORD0355,129,236,2,SKU0312,1,B13-01
ORD0355,129,236,2,SKU0243,2,A08-02
ORD0356,339,429,2,SKU0313,1,C15-03
ORD0356,339,429,2,SKU0476,1,A11-03
ORD0356,339,429,2,SKU0214,2,D18-04
ORD0356,339,429,2,SKU0379,5,A04-04
ORD0356,339,429,2,SKU0158,2,B01-01
ORD0357,75,227,3,SKU0076,4,A15-02
ORD0358,135,360,3,SKU0285,1,D03-03
ORD0358,135,360,3,SKU0327,2,A09-07
ORD0358,135,360,3,SKU0377,1,C07-08
ORD0358,135,360,3,SKU0165,1,A14-01
ORD0358,135,360,3,SKU0572,1,D01-01
ORD0359,92,306,3,SKU0097,4,A02-06
ORD0359,92,306,3,SKU0138,3,B12-05
ORD0359,92,306,3,SKU0072,6,A04-10
ORD0360,307,412,2,SKU0032,3,C11-10
ORD0361,13,58,1,SKU0008,2,C19-08
ORD0361,13,58,1,SKU0287,4,D18-09
ORD0361,13,58,1,SKU0208,1,A14-03
ORD0362,413,600,3,SKU0562,4,A03-02
ORD0362,413,600,3,SKU0510,2,D03-03
ORD0362,413,600,3,SKU0152,2,A02-01
ORD0363,317,459,3,SKU0012,3,D14-01
ORD0363,317,459,3,SKU0187,2,C07-02
ORD0363,317,459,3,SKU0554,2,C13-09
ORD0363,317,459,3,SKU0202,2,A18-05
ORD0363,317,459,3,SKU0162,2,A15-05
ORD0364,182,306,3,SKU0074,5,B19-09
ORD0364,182,306,3,SKU0590,1,A09-04
ORD0364,182,306,3,SKU0373,5,A12-03
ORD0365,234,346,2,SKU0596,2,D03-03
ORD0365,234,346,2,SKU0180,3,A14-08
ORD0365,234,346,2,SKU0106,3,C03-04
ORD0365,234,346,2,SKU0157,1,C01-01
ORD0365,234,346,2,SKU0562,4,A20-09
ORD0366,127,163,1,SKU0539,5,A10-01
ORD0366,127,163,1,SKU0426,2,A15-03
ORD0366,127,163,1,SKU0221,1,B11-03
ORD0366,127,163,1,SKU0073,2,A04-09
ORD0366,127,163,1,SKU0408,2,D08-06
ORD0367,445,600,3,SKU0004,3,A15-03
ORD0367,445,600,3,SKU0204,2,A16-09
ORD0368,470,600,3,SKU0584,2,B16-05
ORD0368,470,600,3,SKU0006,1,A06-09
ORD0368,470,600,3,SKU0375,2,B09-02
ORD0368,470,600,3,SKU0249,3,C02-01
ORD0369,328,457,3,SKU0305,2,A14-02
ORD0369,328,457,3,SKU0253,3,D01-01
ORD0370,12,181,3,SKU0583,3,A01-09
ORD0370,12,181,3,SKU0411,3,C06-06
ORD0370,12,181,3,SKU0054,1,A02-02
ORD0370,12,181,3,SKU0123,4,C12-05
ORD0370,12,181,3,SKU0454,4,D02-04
ORD0371,322,473,3,SKU0184,2,C04-10
ORD0371,322,473,3,SKU0509,1,A19-05
ORD0371,322,473,3,SKU0435,1,A05-03
ORD0371,322,473,3,SKU0502,3,B17-02
ORD0372,364,563,3,SKU0240,1,A14-02
ORD0372,364,563,3,SKU0179,2,A06-03
ORD0373,172,409,3,SKU0582,2,A20-09
ORD0373,172,409,3,SKU0437,3,B10-02
ORD0374,267,424,3,SKU0178,1,A05-05
ORD0374,267,424,3,SKU0315,1,B05-05
ORD0374,267,424,3,SKU0035,2,C14-07
ORD0375,397,497,2,SKU0107,6,D11-09
ORD0375,397,497,2,SKU0260,2,C02-01
ORD0375,397,497,2,SKU0239,2,B02-02
ORD0376,171,292,3,SKU0359,3,A19-10
ORD0376,171,292,3,SKU0066,5,A20-02
ORD0376,171,292,3,SKU0365,1,A01-01
ORD0376,171,292,3,SKU0577,1,B04-01
ORD0376,171,292,3,SKU0421,2,C01-01
ORD0377,307,344,1,SKU0444,1,A08-10
ORD0377,307,344,1,SKU0106,1,A05-05
ORD0377,307,344,1,SKU0340,1,A05-01
ORD0378,4,110,2,SKU0021,4,A07-01
ORD0379,227,384,3,SKU0395,1,B09-05
ORD0379,227,384,3,SKU0054,1,B12-08
ORD0379,227,384,3,SKU0435,1,A13-01
ORD0380,448,557,2,SKU0398,2,A05-08
ORD0380,448,557,2,SKU0077,2,D16-06
ORD0381,7,209,3,SKU0316,3,A12-10
ORD0382,174,283,2,SKU0007,2,C05-09
ORD0382,174,283,2,SKU0142,1,C01-04
ORD0382,174,283,2,SKU0178,3,A18-04
ORD0383,163,205,1,SKU0449,1,A06-08
ORD0383,163,205,1,SKU0066,2,D13-03
ORD0383,163,205,1,SKU0307,1,D19-10
ORD0384,276,466,3,SKU0198,2,A11-07
ORD0385,457,600,3,SKU0465,4,D02-02
ORD0385,457,600,3,SKU0078,1,A05-09
ORD0385,457,600,3,SKU0220,2,A10-08
ORD0386,14,112,2,SKU0271,2,B19-04
ORD0386,14,112,2,SKU0253,2,D03-01
ORD0386,14,112,2,SKU0107,2,B01-01
ORD0386,14,112,2,SKU0319,3,C01-09
ORD0386,14,112,2,SKU0011,2,C16-02
ORD0387,429,600,3,SKU0077,1,A06-04
ORD0387,429,600,3,SKU0583,3,A11-09
ORD0387,429,600,3,SKU0577,1,C02-01
ORD0387,429,600,3,SKU0217,3,C14-09
ORD0388,42,206,3,SKU0553,2,A11-01
ORD0388,42,206,3,SKU0540,2,C03-01
ORD0388,42,206,3,SKU0268,1,A14-05
ORD0388,42,206,3,SKU0174,1,A11-02
ORD0388,42,206,3,SKU0236,3,A20-07
ORD0389,62,146,2,SKU0446,3,A17-05
ORD0389,62,146,2,SKU0307,3,A14-07
ORD0390,373,467,2,SKU0001,3,B19-01
ORD0390,373,467,2,SKU0297,1,B02-02
ORD0390,373,467,2,SKU0437,1,A14-01
ORD0391,436,594,3,SKU0073,3,A01-04
ORD0391,436,594,3,SKU0151,1,D20-03
ORD0392,106,320,3,SKU0496,1,D02-08
ORD0392,106,320,3,SKU0010,1,C03-10
ORD0392,106,320,3,SKU0364,2,A02-01
ORD0393,127,191,2,SKU0328,2,A16-03
ORD0393,127,191,2,SKU0570,2,B10-04
ORD0393,127,191,2,SKU0303,2,D11-09
ORD0394,0,89,2,SKU0138,2,B12-01
ORD0394,0,89,2,SKU0126,2,D02-01
ORD0395,193,257,2,SKU0249,2,D02-02
ORD0395,193,257,2,SKU0025,1,A08-06
ORD0395,193,257,2,SKU0298,2,A02-01
ORD0396,54,291,3,SKU0359,2,D20-08
ORD0396,54,291,3,SKU0105,3,C03-09
ORD0397,466,499,1,SKU0365,1,A01-02
ORD0397,466,499,1,SKU0313,2,D09-04
ORD0397,466,499,1,SKU0014,2,A14-08
ORD0397,466,499,1,SKU0467,3,C12-02
ORD0397,466,499,1,SKU0007,4,B03-05
ORD0398,249,326,2,SKU0434,4,C09-09
ORD0398,249,326,2,SKU0495,6,A11-07
ORD0398,249,326,2,SKU0048,1,C12-01
ORD0398,249,326,2,SKU0021,1,A16-06
ORD0398,249,326,2,SKU0165,3,A03-08
ORD0399,212,352,3,SKU0110,1,B16-09
ORD0399,212,352,3,SKU0178,2,C06-04
ORD0399,212,352,3,SKU0151,2,C13-03
ORD0399,212,352,3,SKU0426,4,A13-10
ORD0400,408,485,2,SKU0476,1,A10-07
ORD0400,408,485,2,SKU0163,4,A02-02
ORD0400,408,485,2,SKU0160,3,A04-09
ORD0400,408,485,2,SKU0355,1,C12-10
ORD0400,408,485,2,SKU0052,1,C17-02
ORD0401,115,170,1,SKU0389,1,C02-02
ORD0401,115,170,1,SKU0335,2,A05-07
ORD0401,115,170,1,SKU0283,2,A05-06
ORD0401,115,170,1,SKU0297,2,B01-02
ORD0401,115,170,1,SKU0426,2,D19-06
ORD0402,109,338,3,SKU0250,1,A17-05
ORD0402,109,338,3,SKU0452,2,C01-06
ORD0402,109,338,3,SKU0030,3,B11-06
ORD0402,109,338,3,SKU0083,3,A12-06
ORD0403,215,348,3,SKU0252,3,A02-09
ORD0403,215,348,3,SKU0235,2,A14-03
ORD0404,372,505,3,SKU0034,1,C10-09
ORD0404,372,505,3,SKU0342,3,A02-04
ORD0404,372,505,3,SKU0501,3,C04-04
ORD0404,372,505,3,SKU0157,5,C02-02
ORD0404,372,505,3,SKU0517,3,B16-05
ORD0405,45,277,3,SKU0252,1,C02-06
ORD0405,45,277,3,SKU0335,1,D11-04
ORD0405,45,277,3,SKU0387,1,A03-10
ORD0405,45,277,3,SKU0213,1,A15-10
ORD0405,45,277,3,SKU0552,1,B12-03
ORD0406,361,479,2,SKU0549,2,A01-02
ORD0407,389,526,3,SKU0193,1,A11-03
ORD0408,417,541,3,SKU0005,1,D14-02
ORD0408,417,541,3,SKU0095,1,D09-02
ORD0408,417,541,3,SKU0203,3,B18-06
ORD0408,417,541,3,SKU0347,3,D18-09
ORD0409,257,341,2,SKU0010,1,D18-05
ORD0409,257,341,2,SKU0489,3,C13-03
ORD0410,426,542,2,SKU0083,6,A07-08
ORD0411,305,514,3,SKU0406,1,C17-02
ORD0411,305,514,3,SKU0221,2,B09-02
ORD0411,305,514,3,SKU0440,1,A17-03
ORD0411,305,514,3,SKU0580,1,C12-07
ORD0411,305,514,3,SKU0077,3,B10-07
ORD0412,447,600,3,SKU0501,2,A01-03
ORD0412,447,600,3,SKU0168,3,D03-03
ORD0413,67,111,1,SKU0236,1,A06-05
ORD0414,99,205,2,SKU0167,2,C05-06
ORD0414,99,205,2,SKU0443,3,A20-05
ORD0414,99,205,2,SKU0456,3,B18-02
ORD0414,99,205,2,SKU0273,1,D15-07
ORD0415,108,154,1,SKU0333,3,A17-05
ORD0415,108,154,1,SKU0032,2,B03-02
ORD0415,108,154,1,SKU0031,1,A10-03
ORD0415,108,154,1,SKU0162,1,A04-05
ORD0415,108,154,1,SKU0409,2,C01-09
ORD0416,50,226,3,SKU0076,3,A15-07
ORD0416,50,226,3,SKU0317,1,A02-02
ORD0416,50,226,3,SKU0071,1,A09-08
ORD0417,18,56,1,SKU0271,2,D18-05
ORD0417,18,56,1,SKU0422,1,C02-02
ORD0417,18,56,1,SKU0074,6,A13-03
ORD0417,18,56,1,SKU0495,7,B11-10
ORD0417,18,56,1,SKU0428,5,C19-04
ORD0418,140,277,3,SKU0089,2,A15-08
ORD0418,140,277,3,SKU0528,4,A07-08
ORD0418,140,277,3,SKU0437,1,A14-01
ORD0419,192,268,2,SKU0426,3,A02-01
ORD0419,192,268,2,SKU0375,1,B14-07
ORD0420,149,374,3,SKU0345,1,C07-10
ORD0420,149,374,3,SKU0468,1,A12-01
ORD0421,400,538,3,SKU0257,2,C16-01
ORD0422,430,600,3,SKU0375,2,C02-02
ORD0423,477,600,3,SKU0578,2,B08-08
ORD0423,477,600,3,SKU0533,3,B12-06
ORD0423,477,600,3,SKU0422,3,D01-01
ORD0423,477,600,3,SKU0352,3,A14-10
ORD0423,477,600,3,SKU0409,2,B09-07
ORD0424,368,567,3,SKU0378,2,A13-05
ORD0424,368,567,3,SKU0479,1,A04-07
ORD0424,368,567,3,SKU0379,4,C18-07
ORD0424,368,567,3,SKU0193,1,A11-02
ORD0425,308,472,3,SKU0021,4,A17-08
ORD0425,308,472,3,SKU0453,1,C03-01
ORD0425,308,472,3,SKU0374,4,D16-01
ORD0425,308,472,3,SKU0362,3,C17-02
ORD0425,308,472,3,SKU0324,2,C04-04
ORD0426,73,197,3,SKU0362,2,B11-10
ORD0426,73,197,3,SKU0285,3,B16-05
ORD0426,73,197,3,SKU0562,2,A02-01
ORD0426,73,197,3,SKU0056,2,D07-02
ORD0427,146,346,3,SKU0312,1,C12-05
ORD0427,146,346,3,SKU0269,1,A02-07
ORD0427,146,346,3,SKU0164,2,B18-03
ORD0427,146,346,3,SKU0082,1,A05-04
ORD0428,235,378,3,SKU0492,3,A12-10
ORD0428,235,378,3,SKU0307,1,A10-01
ORD0428,235,378,3,SKU0094,1,C12-10
ORD0428,235,378,3,SKU0154,1,A09-07
ORD0428,235,378,3,SKU0268,1,C13-01
ORD0429,371,415,1,SKU0406,1,A12-04
ORD0429,371,415,1,SKU0377,1,A05-09
ORD0429,371,415,1,SKU0479,1,B01-01
ORD0430,356,441,2,SKU0584,2,C12-10
ORD0431,239,330,2,SKU0562,3,B18-05
ORD0432,396,599,3,SKU0342,3,B09-02
ORD0432,396,599,3,SKU0267,2,B02-08
ORD0433,26,127,2,SKU0119,1,A14-06
ORD0433,26,127,2,SKU0449,3,B14-08
ORD0433,26,127,2,SKU0295,3,A15-01
ORD0433,26,127,2,SKU0521,1,B16-06
ORD0433,26,127,2,SKU0239,3,A03-02
ORD0434,463,562,2,SKU0135,3,C07-10
ORD0434,463,562,2,SKU0210,2,D02-02
ORD0434,463,562,2,SKU0478,1,C04-06
ORD0435,442,560,2,SKU0446,1,D20-08
ORD0436,99,257,3,SKU0388,2,C01-09
ORD0437,52,267,3,SKU0490,1,D02-01
ORD0438,432,503,2,SKU0076,1,A03-01
ORD0438,432,503,2,SKU0324,3,D01-01
ORD0438,432,503,2,SKU0419,1,D03-03
ORD0439,7,243,3,SKU0334,2,A01-10
ORD0439,7,243,3,SKU0388,1,A02-07
ORD0440,6,235,3,SKU0394,3,A11-08
ORD0440,6,235,3,SKU0210,2,A01-04
ORD0440,6,235,3,SKU0053,2,A06-04
ORD0441,469,592,3,SKU0317,1,B03-09
ORD0442,344,427,2,SKU0037,1,A12-08
ORD0443,47,89,1,SKU0452,1,A08-02
ORD0443,47,89,1,SKU0097,2,D18-09
ORD0443,47,89,1,SKU0490,1,D20-08
ORD0444,212,397,3,SKU0043,2,C02-01
ORD0444,212,397,3,SKU0173,2,B11-04
ORD0445,339,416,2,SKU0001,1,A16-03
ORD0445,339,416,2,SKU0421,2,C12-02
ORD0445,339,416,2,SKU0114,2,A03-06
ORD0445,339,416,2,SKU0072,2,A14-03
ORD0446,233,411,3,SKU0428,4,A20-08
ORD0446,233,411,3,SKU0289,3,D10-03
ORD0446,233,411,3,SKU0479,7,A03-02
ORD0446,233,411,3,SKU0573,4,A06-09
ORD0447,15,97,2,SKU0299,2,B02-09
ORD0447,15,97,2,SKU0032,3,A14-01
ORD0447,15,97,2,SKU0212,3,A01-08
ORD0447,15,97,2,SKU0119,1,B12-08
ORD0448,299,359,1,SKU0316,2,A20-10
ORD0448,299,359,1,SKU0056,3,A13-07
ORD0448,299,359,1,SKU0414,4,D05-09
ORD0449,155,186,1,SKU0217,1,A01-05
ORD0449,155,186,1,SKU0425,3,A03-02
ORD0449,155,186,1,SKU0580,1,A08-01
ORD0449,155,186,1,SKU0107,1,A02-02
ORD0449,155,186,1,SKU0146,1,A02-01
ORD0450,105,210,2,SKU0077,3,A04-06
ORD0450,105,210,2,SKU0568,2,B12-07
ORD0450,105,210,2,SKU0426,2,B08-06
ORD0451,445,565,2,SKU0006,1,D03-02
ORD0451,445,565,2,SKU0260,1,A07-09
ORD0451,445,565,2,SKU0495,2,A06-02
ORD0451,445,565,2,SKU0293,1,A06-01
ORD0452,61,175,2,SKU0099,2,A17-07
ORD0452,61,175,2,SKU0091,1,C14-07
ORD0452,61,175,2,SKU0565,2,C11-04
ORD0453,336,467,3,SKU0107,4,A15-02
ORD0453,336,467,3,SKU0550,1,A09-08
ORD0453,336,467,3,SKU0048,1,D02-03
ORD0453,336,467,3,SKU0040,2,A19-10
ORD0453,336,467,3,SKU0123,7,A18-06
ORD0454,93,297,3,SKU0235,3,B01-02
ORD0454,93,297,3,SKU0433,1,D09-04
ORD0454,93,297,3,SKU0204,1,C15-08
ORD0455,421,600,3,SKU0260,2,A13-07
ORD0455,421,600,3,SKU0011,1,A16-02
ORD0456,148,296,3,SKU0315,3,B01-02
ORD0456,148,296,3,SKU0354,3,D07-03
ORD0456,148,296,3,SKU0126,3,B16-05
ORD0457,469,600,3,SKU0032,3,B11-03
ORD0457,469,600,3,SKU0142,2,B12-07
ORD0458,403,482,2,SKU0013,1,A12-05
ORD0458,403,482,2,SKU0195,2,D18-02
ORD0458,403,482,2,SKU0480,2,D01-10
ORD0458,403,482,2,SKU0327,2,A09-01
ORD0458,403,482,2,SKU0271,3,A08-03
ORD0459,51,200,3,SKU0547,4,A08-05
ORD0459,51,200,3,SKU0300,2,A05-09
ORD0459,51,200,3,SKU0580,2,C10-10
ORD0460,326,455,3,SKU0421,2,B16-05
ORD0461,312,367,1,SKU0273,2,C09-09
ORD0461,312,367,1,SKU0168,2,A14-01
ORD0461,312,367,1,SKU0493,3,C04-02
ORD0461,312,367,1,SKU0196,2,A02-01
ORD0462,198,303,2,SKU0386,1,A03-04
ORD0462,198,303,2,SKU0210,1,A03-02
ORD0462,198,303,2,SKU0461,4,C12-06
ORD0462,198,303,2,SKU0343,1,C12-09
ORD0462,198,303,2,SKU0589,1,A06-06
ORD0463,119,295,3,SKU0320,2,A15-06
ORD0463,119,295,3,SKU0595,2,D13-02
ORD0464,347,426,2,SKU0389,1,C12-07
ORD0464,347,426,2,SKU0386,2,B02-02
ORD0464,347,426,2,SKU0022,4,A05-06
ORD0464,347,426,2,SKU0001,1,C13-03
ORD0465,151,312,3,SKU0398,3,B08-05
ORD0465,151,312,3,SKU0330,1,C20-01
ORD0466,71,127,1,SKU0519,1,B03-02
ORD0466,71,127,1,SKU0447,1,C01-02
ORD0467,348,451,2,SKU0400,3,D06-08
ORD0467,348,451,2,SKU0126,1,A01-01
ORD0467,348,451,2,SKU0295,2,A05-01
ORD0467,348,451,2,SKU0468,3,C19-02
ORD0467,348,451,2,SKU0285,4,A03-02
ORD0468,341,524,3,SKU0428,1,A06-01
ORD0468,341,524,3,SKU0492,2,C02-02
ORD0468,341,524,3,SKU0572,5,B03-01
ORD0468,341,524,3,SKU0512,3,A10-07
ORD0468,341,524,3,SKU0287,2,C13-03
ORD0469,343,566,3,SKU0480,3,C07-06
ORD0470,140,200,1,SKU0119,6,A08-06
ORD0470,140,200,1,SKU0327,3,B01-01
ORD0470,140,200,1,SKU0139,3,D17-09
ORD0470,140,200,1,SKU0126,3,A03-01
ORD0471,466,600,3,SKU0106,1,D14-10
ORD0472,251,295,1,SKU0187,1,B06-04
ORD0472,251,295,1,SKU0324,2,D03-02
ORD0473,414,600,3,SKU0336,2,B17-03
ORD0473,414,600,3,SKU0586,1,C19-03
ORD0473,414,600,3,SKU0539,2,A03-04
ORD0473,414,600,3,SKU0572,3,A05-06
ORD0474,305,464,3,SKU0307,5,C11-09
ORD0475,444,600,3,SKU0468,1,A15-04
ORD0475,444,600,3,SKU0584,3,A01-02
ORD0475,444,600,3,SKU0464,4,A16-09
ORD0475,444,600,3,SKU0452,2,A05-03
ORD0475,444,600,3,SKU0502,3,D03-01
ORD0476,46,267,3,SKU0352,5,D14-08
ORD0477,188,321,3,SKU0119,1,D13-04
ORD0477,188,321,3,SKU0549,2,C12-07
ORD0477,188,321,3,SKU0437,6,A01-04
ORD0477,188,321,3,SKU0562,2,C01-02
ORD0478,135,172,1,SKU0004,4,D03-06
ORD0478,135,172,1,SKU0428,3,D06-05
ORD0478,135,172,1,SKU0107,1,A04-03
ORD0478,135,172,1,SKU0548,1,A08-08
ORD0479,345,469,3,SKU0373,4,A17-09
ORD0479,345,469,3,SKU0151,2,A19-09
ORD0479,345,469,3,SKU0001,3,A10-06
ORD0480,251,463,3,SKU0367,5,A03-06
ORD0480,251,463,3,SKU0417,4,A07-07
ORD0480,251,463,3,SKU0271,2,B12-10
ORD0480,251,463,3,SKU0157,2,B01-01
ORD0480,251,463,3,SKU0519,2,A04-07
ORD0481,207,276,2,SKU0212,2,A12-07
ORD0481,207,276,2,SKU0289,1,B08-03
ORD0481,207,276,2,SKU0584,2,D03-01
ORD0481,207,276,2,SKU0580,1,B04-05
ORD0482,66,129,2,SKU0277,2,A01-07
ORD0483,120,227,2,SKU0114,2,C14-07
ORD0483,120,227,2,SKU0072,2,A05-09
ORD0484,193,428,3,SKU0402,2,B18-01
ORD0485,355,425,2,SKU0289,1,A12-09
ORD0485,355,425,2,SKU0375,1,B09-02
ORD0485,355,425,2,SKU0488,3,D02-02
ORD0485,355,425,2,SKU0400,4,B02-08
ORD0486,215,316,2,SKU0252,3,B01-01
ORD0486,215,316,2,SKU0149,2,A05-03
ORD0486,215,316,2,SKU0150,2,B03-01
ORD0486,215,316,2,SKU0541,2,A05-07
ORD0487,456,600,3,SKU0048,3,B01-01
ORD0487,456,600,3,SKU0446,2,B20-03
ORD0487,456,600,3,SKU0254,3,A06-05
ORD0488,360,402,1,SKU0011,2,A20-06
ORD0488,360,402,1,SKU0312,4,C07-10
ORD0489,298,426,3,SKU0499,3,B03-03
ORD0489,298,426,3,SKU0254,6,B03-02
ORD0489,298,426,3,SKU0578,1,C05-10
ORD0489,298,426,3,SKU0422,2,B11-10
ORD0490,372,430,1,SKU0418,1,A10-08
ORD0490,372,430,1,SKU0467,2,D02-05
ORD0491,122,285,3,SKU0351,1,B10-01
ORD0491,122,285,3,SKU0455,1,B01-02
ORD0491,122,285,3,SKU0208,1,A10-10
ORD0491,122,285,3,SKU0489,2,D07-02
ORD0492,84,137,1,SKU0468,1,A08-02
ORD0492,84,137,1,SKU0555,1,A12-08
ORD0492,84,137,1,SKU0394,2,A03-07
ORD0492,84,137,1,SKU0154,2,A15-03
ORD0492,84,137,1,SKU0536,4,B03-01
ORD0493,27,82,1,SKU0375,2,D11-06
ORD0493,27,82,1,SKU0489,2,A06-03
ORD0493,27,82,1,SKU0220,2,C01-09
ORD0494,266,372,2,SKU0214,1,A10-02
ORD0494,266,372,2,SKU0480,3,A15-07
ORD0494,266,372,2,SKU0461,1,C03-01
ORD0494,266,372,2,SKU0324,2,A11-07
ORD0495,48,130,2,SKU0254,2,C15-07
ORD0495,48,130,2,SKU0328,1,A18-06
ORD0495,48,130,2,SKU0059,3,C17-02
ORD0496,376,600,3,SKU0516,2,C14-05
ORD0496,376,600,3,SKU0421,1,A14-08
ORD0496,376,600,3,SKU0350,1,B10-09
ORD0496,376,600,3,SKU0065,1,C05-09
ORD0497,319,446,3,SKU0004,4,C18-08
ORD0497,319,446,3,SKU0294,2,C14-05
ORD0498,281,350,2,SKU0433,2,A19-09
ORD0498,281,350,2,SKU0362,1,C17-01
ORD0498,281,350,2,SKU0041,1,D18-03
ORD0498,281,350,2,SKU0461,5,C02-01
ORD0499,387,570,3,SKU0461,1,B11-03
ORD0499,387,570,3,SKU0466,5,C01-01
ORD0499,387,570,3,SKU0419,2,C12-02
ORD0500,168,221,1,SKU0583,2,C01-01
ORD0501,330,454,3,SKU0168,2,A02-01
ORD0501,330,454,3,SKU0355,4,A18-03
ORD0502,90,253,3,SKU0174,1,A12-02
ORD0502,90,253,3,SKU0285,1,A02-01
ORD0502,90,253,3,SKU0435,2,C02-04
ORD0503,156,347,3,SKU0299,5,C07-09
ORD0503,156,347,3,SKU0273,2,B01-02
ORD0503,156,347,3,SKU0211,7,A10-02
ORD0504,412,543,3,SKU0114,5,D03-01
ORD0505,231,421,3,SKU0313,2,C07-05
ORD0505,231,421,3,SKU0341,2,A02-05
ORD0505,231,421,3,SKU0501,2,A10-02
ORD0506,434,470,1,SKU0250,3,A01-08
ORD0506,434,470,1,SKU0060,3,A12-08
ORD0506,434,470,1,SKU0365,3,B14-07
ORD0506,434,470,1,SKU0072,3,A13-05
ORD0506,434,470,1,SKU0491,2,A20-02
ORD0507,54,200,3,SKU0328,1,A19-06
ORD0508,166,260,2,SKU0374,3,A18-01
ORD0508,166,260,2,SKU0324,3,A02-01
ORD0508,166,260,2,SKU0429,3,B14-05
ORD0508,166,260,2,SKU0418,2,A03-08
ORD0508,166,260,2,SKU0317,2,A04-05
ORD0509,202,344,3,SKU0193,2,A16-04
ORD0509,202,344,3,SKU0202,2,A05-04
ORD0509,202,344,3,SKU0389,2,A16-02
ORD0509,202,344,3,SKU0375,2,C03-01
ORD0510,185,373,3,SKU0598,1,A14-04
ORD0510,185,373,3,SKU0313,2,A08-08
ORD0510,185,373,3,SKU0324,1,C01-02
ORD0510,185,373,3,SKU0235,4,D02-01
ORD0510,185,373,3,SKU0192,2,A13-07
ORD0511,354,507,3,SKU0375,4,A08-01
ORD0511,354,507,3,SKU0249,1,C03-01
ORD0511,354,507,3,SKU0163,4,C12-03
ORD0511,354,507,3,SKU0502,1,B16-05
ORD0512,27,92,2,SKU0091,4,D01-02
ORD0512,27,92,2,SKU0114,2,B10-04
ORD0512,27,92,2,SKU0217,1,A15-07
ORD0512,27,92,2,SKU0180,1,A19-07
ORD0513,168,361,3,SKU0340,2,A03-02
ORD0513,168,361,3,SKU0536,7,B10-10
ORD0513,168,361,3,SKU0285,2,C01-01
ORD0514,345,496,3,SKU0425,2,C01-02
ORD0514,345,496,3,SKU0307,3,A04-02
ORD0515,239,341,2,SKU0424,2,C05-10
ORD0515,239,341,2,SKU0055,3,A01-04
ORD0515,239,341,2,SKU0144,1,A05-08
ORD0516,240,478,3,SKU0273,2,C09-06
ORD0516,240,478,3,SKU0054,1,D16-03
ORD0517,13,90,2,SKU0478,1,A19-06
ORD0517,13,90,2,SKU0581,1,D18-08
ORD0517,13,90,2,SKU0285,1,D03-03
ORD0517,13,90,2,SKU0424,1,C01-09
ORD0517,13,90,2,SKU0223,1,C12-02
ORD0518,369,576,3,SKU0584,4,A15-06
ORD0519,249,471,3,SKU0304,2,A15-09
ORD0519,249,471,3,SKU0529,2,B19-02
ORD0520,136,309,3,SKU0364,2,B02-03
ORD0520,136,309,3,SKU0100,2,A02-04
ORD0520,136,309,3,SKU0474,2,A01-04
ORD0520,136,309,3,SKU0502,2,A10-07
ORD0520,136,309,3,SKU0285,1,A11-08
ORD0521,281,491,3,SKU0437,2,B19-01
ORD0521,281,491,3,SKU0210,2,A02-02
ORD0521,281,491,3,SKU0419,2,A08-02
ORD0521,281,491,3,SKU0032,1,C12-02
ORD0521,281,491,3,SKU0247,1,D16-10
ORD0522,63,249,3,SKU0199,2,D07-02
ORD0522,63,249,3,SKU0220,3,A16-02
ORD0522,63,249,3,SKU0395,3,C02-06
ORD0523,181,313,3,SKU0447,1,D13-10
ORD0523,181,313,3,SKU0068,2,A12-01
ORD0523,181,313,3,SKU0213,2,B14-03
ORD0523,181,313,3,SKU0492,3,C05-10
ORD0524,202,327,3,SKU0107,1,A04-06
ORD0524,202,327,3,SKU0422,2,B03-02
ORD0524,202,327,3,SKU0394,4,B02-01
ORD0525,397,435,1,SKU0454,2,A05-05
ORD0525,397,435,1,SKU0028,4,B02-05
ORD0525,397,435,1,SKU0243,2,A19-10
ORD0525,397,435,1,SKU0474,3,A05-06
ORD0525,397,435,1,SKU0312,4,A04-07
ORD0526,16,247,3,SKU0479,3,D19-03
ORD0526,16,247,3,SKU0126,2,A17-07
ORD0526,16,247,3,SKU0132,1,A19-03
ORD0526,16,247,3,SKU0384,2,A08-01
ORD0527,171,251,2,SKU0382,1,A06-06
ORD0527,171,251,2,SKU0152,3,B08-01
ORD0527,171,251,2,SKU0426,1,A05-05
ORD0528,70,156,2,SKU0307,3,A18-01
ORD0528,70,156,2,SKU0353,2,A01-01
ORD0528,70,156,2,SKU0467,2,D05-08
ORD0529,465,600,3,SKU0318,3,A01-02
ORD0529,465,600,3,SKU0043,2,A04-06
ORD0529,465,600,3,SKU0059,3,A10-04
ORD0529,465,600,3,SKU0379,4,A18-05
ORD0530,257,371,2,SKU0502,1,D09-01
ORD0530,257,371,2,SKU0285,2,C01-09
ORD0530,257,371,2,SKU0003,2,A02-01
ORD0530,257,371,2,SKU0157,3,A14-03
ORD0531,242,404,3,SKU0539,2,C08-10
ORD0531,242,404,3,SKU0558,1,A16-08
ORD0531,242,404,3,SKU0229,2,D11-01
ORD0531,242,404,3,SKU0115,1,D06-05
ORD0532,378,459,2,SKU0273,2,A12-05
ORD0532,378,459,2,SKU0338,1,A02-02
ORD0532,378,459,2,SKU0411,1,D03-02
ORD0532,378,459,2,SKU0357,3,D01-10
ORD0533,248,382,3,SKU0414,2,A13-03
ORD0533,248,382,3,SKU0165,1,D15-01
ORD0533,248,382,3,SKU0334,4,B04-07
ORD0534,348,463,2,SKU0237,3,D06-02
ORD0534,348,463,2,SKU0281,1,D06-08
ORD0535,214,375,3,SKU0054,2,C06-02
ORD0535,214,375,3,SKU0418,2,A01-04
ORD0535,214,375,3,SKU0023,2,A03-10
ORD0535,214,375,3,SKU0494,1,B19-01
ORD0536,171,366,3,SKU0528,3,B02-02
ORD0536,171,366,3,SKU0165,2,C12-09
ORD0536,171,366,3,SKU0083,5,A14-06
ORD0537,163,343,3,SKU0223,1,C01-02
ORD0537,163,343,3,SKU0074,4,B04-01
ORD0537,163,343,3,SKU0162,2,D09-01
ORD0537,163,343,3,SKU0172,2,A12-06
ORD0537,163,343,3,SKU0422,4,C10-10
ORD0538,396,600,3,SKU0230,2,C12-10
ORD0539,18,203,3,SKU0572,2,D02-02
ORD0540,7,105,2,SKU0593,2,C10-10
ORD0540,7,105,2,SKU0173,1,C14-07
ORD0540,7,105,2,SKU0517,2,C01-08
ORD0541,335,487,3,SKU0502,2,A17-06
ORD0541,335,487,3,SKU0572,2,D11-09
ORD0542,20,156,3,SKU0491,1,A13-08
ORD0542,20,156,3,SKU0240,3,A13-01
ORD0542,20,156,3,SKU0268,6,C12-10
ORD0542,20,156,3,SKU0499,1,C02-04
ORD0542,20,156,3,SKU0458,2,D02-08
ORD0543,390,524,3,SKU0112,1,C12-05
ORD0543,390,524,3,SKU0429,1,D17-01
ORD0543,390,524,3,SKU0257,1,D07-03
ORD0543,390,524,3,SKU0157,1,B02-02
ORD0543,390,524,3,SKU0374,1,B02-01
ORD0544,441,485,1,SKU0421,4,D03-01
ORD0545,333,509,3,SKU0377,2,A13-09
ORD0546,210,350,3,SKU0178,3,B17-08
ORD0546,210,350,3,SKU0379,1,C11-05
ORD0547,23,227,3,SKU0146,5,A08-10
ORD0547,23,227,3,SKU0235,1,A05-08
ORD0548,161,371,3,SKU0160,1,A17-05
ORD0548,161,371,3,SKU0257,3,C05-06
ORD0548,161,371,3,SKU0394,2,C14-07
ORD0548,161,371,3,SKU0254,3,A20-06
ORD0548,161,371,3,SKU0264,2,C02-05
ORD0549,261,357,2,SKU0353,2,A14-06
ORD0549,261,357,2,SKU0210,7,C03-02
ORD0549,261,357,2,SKU0394,3,C02-02
ORD0549,261,357,2,SKU0147,4,D12-02
ORD0549,261,357,2,SKU0199,1,A05-10
ORD0550,121,294,3,SKU0394,4,D11-09
ORD0550,121,294,3,SKU0158,4,A02-06
ORD0550,121,294,3,SKU0509,2,B16-05
ORD0550,121,294,3,SKU0259,1,D07-08
ORD0551,65,211,3,SKU0501,2,A17-09
ORD0551,65,211,3,SKU0163,1,A05-01
ORD0551,65,211,3,SKU0190,1,C09-05
ORD0552,242,463,3,SKU0181,3,A02-07
ORD0552,242,463,3,SKU0566,1,D01-02
ORD0552,242,463,3,SKU0591,3,B20-03
ORD0552,242,463,3,SKU0283,3,A01-04
ORD0553,97,160,2,SKU0266,1,D01-01
ORD0553,97,160,2,SKU0077,1,D05-02
ORD0553,97,160,2,SKU0492,2,A13-02
ORD0554,314,361,1,SKU0244,2,A15-05
ORD0554,314,361,1,SKU0240,3,A06-07
ORD0554,314,361,1,SKU0114,5,B14-06
ORD0555,443,551,2,SKU0554,2,C12-05
ORD0555,443,551,2,SKU0437,2,A18-04
ORD0555,443,551,2,SKU0354,2,D10-09
ORD0556,49,286,3,SKU0474,3,A08-10
ORD0556,49,286,3,SKU0257,1,C12-04
ORD0557,273,324,1,SKU0422,2,A03-06
ORD0557,273,324,1,SKU0213,3,A10-03
ORD0557,273,324,1,SKU0196,3,B09-10
ORD0558,120,188,2,SKU0490,3,D05-08
ORD0558,120,188,2,SKU0037,2,C14-08
ORD0559,229,282,1,SKU0398,1,B11-10
ORD0560,354,505,3,SKU0315,6,A01-02
ORD0560,354,505,3,SKU0417,2,D18-07
ORD0560,354,505,3,SKU0166,3,B02-10
ORD0560,354,505,3,SKU0565,4,B09-09
ORD0561,33,101,2,SKU0377,2,A16-10
ORD0561,33,101,2,SKU0328,2,A11-06
ORD0561,33,101,2,SKU0417,2,A15-05
ORD0562,27,70,1,SKU0544,2,A02-01
ORD0562,27,70,1,SKU0512,1,C03-09
ORD0562,27,70,1,SKU0155,1,D02-02
ORD0562,27,70,1,SKU0059,1,A08-03
ORD0563,252,450,3,SKU0417,1,B14-10
ORD0563,252,450,3,SKU0120,2,B11-05
ORD0563,252,450,3,SKU0368,1,A17-05
ORD0563,252,450,3,SKU0424,1,A17-04
ORD0564,172,285,2,SKU0422,1,B11-10
ORD0564,172,285,2,SKU0409,2,D04-08
ORD0564,172,285,2,SKU0582,2,B09-06
ORD0564,172,285,2,SKU0474,3,A14-02
ORD0564,172,285,2,SKU0092,1,B14-07
ORD0565,165,351,3,SKU0115,3,B03-07
ORD0565,165,351,3,SKU0228,3,A14-03
ORD0565,165,351,3,SKU0475,1,D17-09
ORD0565,165,351,3,SKU0474,3,D07-02
ORD0566,33,241,3,SKU0544,5,A03-02
ORD0566,33,241,3,SKU0303,2,B16-05
ORD0567,132,244,2,SKU0324,3,D02-06
ORD0567,132,244,2,SKU0572,1,C03-01
ORD0567,132,244,2,SKU0119,2,A10-08
ORD0567,132,244,2,SKU0422,1,A04-03
ORD0568,57,285,3,SKU0065,1,C13-06
ORD0569,290,504,3,SKU0552,4,A18-01
ORD0569,290,504,3,SKU0400,1,C03-02
ORD0569,290,504,3,SKU0479,6,B01-02
ORD0569,290,504,3,SKU0074,1,A05-04
ORD0569,290,504,3,SKU0162,1,A02-07
ORD0570,282,324,1,SKU0466,2,A09-06
ORD0570,282,324,1,SKU0213,1,D18-03
ORD0570,282,324,1,SKU0114,1,D07-02
ORD0570,282,324,1,SKU0022,2,C18-04
ORD0571,24,217,3,SKU0077,3,A18-03
ORD0571,24,217,3,SKU0054,5,A16-04
ORD0572,459,526,2,SKU0285,5,B19-01
ORD0572,459,526,2,SKU0242,1,C17-06
ORD0572,459,526,2,SKU0589,1,B11-10
ORD0572,459,526,2,SKU0480,1,A06-06
ORD0573,451,530,2,SKU0572,5,B01-01
ORD0573,451,530,2,SKU0600,1,A05-08
ORD0573,451,530,2,SKU0223,1,D07-09
ORD0573,451,530,2,SKU0184,1,A08-06
ORD0573,451,530,2,SKU0502,1,A01-02
ORD0574,417,541,3,SKU0435,1,A05-01
ORD0575,171,225,1,SKU0206,2,B11-01
ORD0576,331,512,3,SKU0524,1,A05-01
ORD0576,331,512,3,SKU0032,1,A02-07
ORD0577,149,252,2,SKU0232,1,A10-04
ORD0577,149,252,2,SKU0359,1,A01-04
ORD0578,155,198,1,SKU0249,2,C01-01
ORD0578,155,198,1,SKU0134,3,A01-04
ORD0579,180,400,3,SKU0126,1,A02-01
ORD0579,180,400,3,SKU0435,1,C20-10
ORD0579,180,400,3,SKU0086,3,B13-05
ORD0579,180,400,3,SKU0072,1,A02-02
ORD0579,180,400,3,SKU0419,1,D06-03
ORD0580,303,492,3,SKU0317,3,A17-04
ORD0581,192,301,2,SKU0208,3,C17-09
ORD0581,192,301,2,SKU0061,3,C02-01
ORD0582,273,457,3,SKU0012,1,D18-10
ORD0582,273,457,3,SKU0004,2,D02-02
ORD0582,273,457,3,SKU0074,2,C07-07
ORD0582,273,457,3,SKU0157,4,D02-01
ORD0583,240,414,3,SKU0594,1,B01-02
ORD0583,240,414,3,SKU0120,1,A17-01
ORD0583,240,414,3,SKU0283,1,A15-10
ORD0583,240,414,3,SKU0515,3,C09-07
ORD0584,284,476,3,SKU0581,3,A14-04
ORD0584,284,476,3,SKU0185,3,A18-10
ORD0584,284,476,3,SKU0440,3,C16-07
ORD0584,284,476,3,SKU0257,3,A06-04
ORD0585,166,253,2,SKU0277,4,D01-05
ORD0585,166,253,2,SKU0600,1,A04-02
ORD0586,73,262,3,SKU0528,3,D07-05
ORD0587,354,517,3,SKU0584,1,D04-01
ORD0588,462,573,2,SKU0247,3,B12-03
ORD0588,462,573,2,SKU0335,4,C05-06
ORD0588,462,573,2,SKU0468,2,B01-01
ORD0588,462,573,2,SKU0173,2,A09-07
ORD0588,462,573,2,SKU0375,1,C17-02
ORD0589,171,204,1,SKU0283,3,A02-10
ORD0589,171,204,1,SKU0081,2,A20-06
ORD0589,171,204,1,SKU0497,2,C18-02
ORD0589,171,204,1,SKU0575,3,A04-01
ORD0589,171,204,1,SKU0260,4,A08-10
ORD0590,375,562,3,SKU0502,2,C05-06
ORD0590,375,562,3,SKU0422,5,A12-03
ORD0590,375,562,3,SKU0524,1,A01-06
ORD0590,375,562,3,SKU0373,2,B10-09
ORD0591,407,443,1,SKU0235,3,A10-07
ORD0591,407,443,1,SKU0122,2,A04-02
ORD0591,407,443,1,SKU0468,1,A05-06
ORD0591,407,443,1,SKU0251,1,C03-04
ORD0591,407,443,1,SKU0067,1,A05-01
ORD0592,52,243,3,SKU0495,6,A20-02
ORD0592,52,243,3,SKU0400,4,A09-09
ORD0592,52,243,3,SKU0573,3,D01-02
ORD0593,144,281,3,SKU0267,5,B08-02
ORD0593,144,281,3,SKU0552,1,A16-10
ORD0594,411,600,3,SKU0116,1,A06-01
ORD0594,411,600,3,SKU0457,2,D18-06
ORD0594,411,600,3,SKU0570,1,D03-03
ORD0595,230,437,3,SKU0322,4,A04-06
ORD0596,238,373,3,SKU0314,1,D11-09
ORD0596,238,373,3,SKU0468,2,D03-03
ORD0597,0,166,3,SKU0546,4,B04-02
ORD0597,0,166,3,SKU0551,2,A16-02
ORD0597,0,166,3,SKU0207,2,D16-08
ORD0598,471,600,3,SKU0324,2,A15-02
ORD0598,471,600,3,SKU0518,2,A04-01
ORD0598,471,600,3,SKU0155,3,A06-02
ORD0598,471,600,3,SKU0501,1,A14-01
ORD0599,358,577,3,SKU0424,2,A08-09
ORD0599,358,577,3,SKU0305,1,B11-03
ORD0600,469,600,3,SKU0348,2,D18-06
ORD0600,469,600,3,SKU0385,2,A20-07
ORD0600,469,600,3,SKU0562,2,A17-06
ORD0601,87,178,2,SKU0264,1,B12-05
ORD0601,87,178,2,SKU0395,2,A07-06
ORD0602,91,331,3,SKU0335,2,A11-03
ORD0603,261,341,2,SKU0203,2,A14-08
ORD0603,261,341,2,SKU0430,1,A01-10
ORD0603,261,341,2,SKU0504,1,A18-10
ORD0603,261,341,2,SKU0211,2,D01-10
ORD0603,261,341,2,SKU0210,4,C06-03
ORD0604,177,251,2,SKU0283,3,B14-01
ORD0604,177,251,2,SKU0475,2,A11-01
ORD0605,82,292,3,SKU0377,1,D03-07
ORD0605,82,292,3,SKU0199,2,A02-01
ORD0606,300,394,2,SKU0501,3,B01-01
ORD0606,300,394,2,SKU0362,3,C10-10
ORD0607,69,211,3,SKU0555,3,B12-01
ORD0607,69,211,3,SKU0055,3,C16-02
ORD0607,69,211,3,SKU0475,3,A11-05
ORD0607,69,211,3,SKU0139,1,A03-02
ORD0607,69,211,3,SKU0203,1,B16-05
ORD0608,104,192,2,SKU0253,3,C19-01
ORD0608,104,192,2,SKU0235,3,B11-10
ORD0608,104,192,2,SKU0307,2,C16-07
ORD0608,104,192,2,SKU0478,1,A12-02
ORD0608,104,192,2,SKU0327,2,C14-09
ORD0609,92,126,1,SKU0584,4,B06-03
ORD0609,92,126,1,SKU0515,2,A01-01
ORD0609,92,126,1,SKU0504,3,A06-05
ORD0609,92,126,1,SKU0562,2,D03-03
ORD0610,295,533,3,SKU0170,3,A08-02
ORD0611,348,516,3,SKU0365,1,D12-08
ORD0611,348,516,3,SKU0373,1,A05-05
ORD0611,348,516,3,SKU0315,3,A01-02
ORD0611,348,516,3,SKU0446,3,A16-01
ORD0612,157,219,2,SKU0317,2,C13-03
ORD0612,157,219,2,SKU0482,2,A15-05
ORD0612,157,219,2,SKU0586,2,D11-03
ORD0612,157,219,2,SKU0249,1,B01-01
ORD0613,160,260,2,SKU0395,2,D19-02
ORD0614,35,182,3,SKU0180,1,A17-09
ORD0614,35,182,3,SKU0448,2,D05-10
ORD0614,35,182,3,SKU0447,2,A04-01
ORD0614,35,182,3,SKU0059,2,B13-01
ORD0615,14,218,3,SKU0282,1,A18-06
ORD0615,14,218,3,SKU0593,2,C18-06
ORD0615,14,218,3,SKU0529,3,A20-06
ORD0616,388,484,2,SKU0276,1,B20-06
ORD0616,388,484,2,SKU0544,4,A04-09
ORD0616,388,484,2,SKU0535,2,B16-05
ORD0616,388,484,2,SKU0580,4,A04-06
ORD0616,388,484,2,SKU0524,1,B03-01
ORD0617,422,470,1,SKU0390,2,C14-07
ORD0617,422,470,1,SKU0203,1,A07-02
ORD0617,422,470,1,SKU0210,3,B03-02
ORD0617,422,470,1,SKU0392,3,C13-09
ORD0617,422,470,1,SKU0281,2,A13-09
ORD0618,264,493,3,SKU0107,2,B02-01
ORD0618,264,493,3,SKU0489,7,A02-04
ORD0618,264,493,3,SKU0216,2,A01-04
ORD0618,264,493,3,SKU0178,4,A05-02
ORD0619,73,306,3,SKU0488,1,B14-07
ORD0620,80,306,3,SKU0320,2,B09-02
ORD0620,80,306,3,SKU0317,1,A06-09
ORD0621,41,139,2,SKU0584,1,D01-02
ORD0621,41,139,2,SKU0388,4,C13-03
ORD0621,41,139,2,SKU0516,3,A10-10
ORD0622,266,319,1,SKU0048,1,A13-05
ORD0622,266,319,1,SKU0253,2,A14-01
ORD0623,377,538,3,SKU0151,2,D03-04
ORD0623,377,538,3,SKU0083,2,A12-06
ORD0623,377,538,3,SKU0004,4,C10-05
ORD0623,377,538,3,SKU0304,6,A19-01
ORD0623,377,538,3,SKU0599,2,A13-10
ORD0624,331,447,2,SKU0136,1,C03-01
ORD0625,245,406,3,SKU0136,4,A16-08
ORD0626,401,510,2,SKU0048,1,A16-10
ORD0626,401,510,2,SKU0429,1,A08-09
ORD0627,196,355,3,SKU0309,3,B18-05
ORD0627,196,355,3,SKU0415,3,A13-01
ORD0627,196,355,3,SKU0067,1,C02-02
ORD0628,257,468,3,SKU0575,1,D19-01
ORD0628,257,468,3,SKU0128,1,B05-03
ORD0628,257,468,3,SKU0506,2,A20-10
ORD0629,49,163,2,SKU0531,1,D09-08
ORD0629,49,163,2,SKU0210,4,A03-06
ORD0629,49,163,2,SKU0279,2,A17-02
ORD0629,49,163,2,SKU0538,1,B09-01
ORD0630,172,280,2,SKU0065,1,A10-05
ORD0630,172,280,2,SKU0057,1,B15-04
ORD0630,172,280,2,SKU0253,7,A05-01
ORD0630,172,280,2,SKU0568,1,B19-04
ORD0631,420,574,3,SKU0180,2,C02-02
ORD0631,420,574,3,SKU0440,1,D07-02
ORD0631,420,574,3,SKU0232,1,C01-09
ORD0632,442,479,1,SKU0301,1,B11-03
ORD0632,442,479,1,SKU0112,1,A06-02
ORD0632,442,479,1,SKU0221,1,D01-02
ORD0633,242,367,3,SKU0136,2,A03-02
ORD0633,242,367,3,SKU0448,1,C04-09
ORD0633,242,367,3,SKU0571,2,B10-05
ORD0633,242,367,3,SKU0421,1,D01-01
ORD0633,242,367,3,SKU0522,2,B14-07
ORD0634,275,446,3,SKU0107,3,B11-05
ORD0634,275,446,3,SKU0115,3,C09-02
ORD0634,275,446,3,SKU0071,2,A02-02
ORD0634,275,446,3,SKU0429,2,A03-04
ORD0635,210,311,2,SKU0021,3,C17-02
ORD0635,210,311,2,SKU0048,2,A17-06
ORD0636,257,482,3,SKU0036,2,A02-04
ORD0636,257,482,3,SKU0157,1,D01-10
ORD0636,257,482,3,SKU0404,3,A17-05
ORD0636,257,482,3,SKU0062,3,B08-08
ORD0636,257,482,3,SKU0502,2,C03-01
ORD0637,180,371,3,SKU0035,1,C12-03
ORD0638,197,336,3,SKU0114,1,C01-02
ORD0638,197,336,3,SKU0144,2,B13-05
ORD0638,197,336,3,SKU0087,3,C08-10
ORD0638,197,336,3,SKU0262,2,D01-01
ORD0638,197,336,3,SKU0529,2,B02-02
ORD0639,74,209,3,SKU0422,1,A06-08
ORD0640,58,115,1,SKU0259,3,B06-09
ORD0640,58,115,1,SKU0066,1,B16-05
ORD0641,68,101,1,SKU0544,6,B10-06
ORD0641,68,101,1,SKU0414,4,D15-05
ORD0641,68,101,1,SKU0558,1,A01-01
ORD0641,68,101,1,SKU0479,1,D02-02
ORD0642,41,164,3,SKU0223,1,C01-09
ORD0642,41,164,3,SKU0020,2,D03-03
ORD0642,41,164,3,SKU0092,1,A13-09
ORD0642,41,164,3,SKU0114,1,B16-05
ORD0643,338,379,1,SKU0562,2,D01-01
ORD0643,338,379,1,SKU0184,3,C03-02
ORD0643,338,379,1,SKU0219,2,A10-02
ORD0643,338,379,1,SKU0421,3,A02-04
ORD0644,364,442,2,SKU0362,3,A02-07
ORD0644,364,442,2,SKU0294,2,C17-10
ORD0644,364,442,2,SKU0126,2,C15-07
ORD0644,364,442,2,SKU0436,2,A17-02
ORD0644,364,442,2,SKU0175,3,D18-08
ORD0645,51,129,2,SKU0249,1,B11-10
ORD0645,51,129,2,SKU0372,1,A16-01
ORD0645,51,129,2,SKU0138,1,A14-09
ORD0646,108,348,3,SKU0252,1,A11-02
ORD0646,108,348,3,SKU0185,3,A05-10
ORD0646,108,348,3,SKU0389,2,D14-01
ORD0646,108,348,3,SKU0553,2,B05-04
ORD0646,108,348,3,SKU0242,1,A17-10
ORD0647,91,233,3,SKU0212,1,A05-01
ORD0647,91,233,3,SKU0210,6,A17-04
ORD0647,91,233,3,SKU0335,3,A02-09
ORD0648,440,566,3,SKU0055,3,C02-02
ORD0649,142,205,2,SKU0181,4,A11-01
ORD0649,142,205,2,SKU0300,1,C12-02
ORD0650,317,365,1,SKU0391,2,D18-06
ORD0651,219,371,3,SKU0253,2,A07-03
ORD0651,219,371,3,SKU0515,1,D08-05
ORD0652,294,456,3,SKU0343,4,D18-02
ORD0653,137,176,1,SKU0497,2,B16-05
ORD0654,37,200,3,SKU0513,1,A19-05
ORD0654,37,200,3,SKU0137,2,C15-07
ORD0654,37,200,3,SKU0253,3,C01-09
ORD0654,37,200,3,SKU0563,2,A06-05
ORD0654,37,200,3,SKU0254,1,A11-07
ORD0655,46,279,3,SKU0401,1,A04-08
ORD0656,50,132,2,SKU0139,1,A19-07
ORD0656,50,132,2,SKU0524,3,A18-05
ORD0657,89,197,2,SKU0534,1,D20-07
ORD0658,111,321,3,SKU0126,2,D11-07
ORD0658,111,321,3,SKU0044,1,D18-08
ORD0658,111,321,3,SKU0155,2,A02-01
ORD0658,111,321,3,SKU0253,1,C15-07
ORD0658,111,321,3,SKU0425,2,A15-01
ORD0659,193,407,3,SKU0279,1,D08-05
ORD0660,346,389,1,SKU0553,1,D19-02
ORD0660,346,389,1,SKU0562,2,C14-07
ORD0660,346,389,1,SKU0107,3,D18-07
ORD0661,233,438,3,SKU0335,3,D16-10
ORD0662,120,168,1,SKU0584,5,A03-06
ORD0662,120,168,1,SKU0352,1,A12-05
ORD0662,120,168,1,SKU0509,1,A10-07
ORD0662,120,168,1,SKU0572,2,A11-07
ORD0663,435,473,1,SKU0547,1,D11-02
ORD0663,435,473,1,SKU0116,2,A05-07
ORD0663,435,473,1,SKU0490,2,A16-06
ORD0663,435,473,1,SKU0106,1,B11-06
ORD0663,435,473,1,SKU0389,2,A06-01
ORD0664,151,308,3,SKU0221,2,B02-02
ORD0665,375,492,2,SKU0324,3,B03-02
ORD0665,375,492,2,SKU0572,3,A02-04
ORD0666,432,600,3,SKU0163,1,C12-04
ORD0666,432,600,3,SKU0584,1,D07-02
ORD0666,432,600,3,SKU0504,1,A07-06
ORD0666,432,600,3,SKU0479,3,D08-06
ORD0667,76,218,3,SKU0032,2,A03-02
ORD0668,141,270,3,SKU0575,2,A03-01
ORD0668,141,270,3,SKU0134,2,A01-06
ORD0669,145,381,3,SKU0236,2,B11-03
ORD0669,145,381,3,SKU0557,1,A10-08
ORD0670,224,321,2,SKU0478,3,B04-03
ORD0670,224,321,2,SKU0154,1,A15-09
ORD0670,224,321,2,SKU0276,4,A19-02
ORD0670,224,321,2,SKU0283,4,A06-07
ORD0670,224,321,2,SKU0210,1,C15-07
ORD0671,6,86,2,SKU0324,3,A14-03
ORD0671,6,86,2,SKU0475,4,C12-05
ORD0672,274,486,3,SKU0578,2,A03-01
ORD0672,274,486,3,SKU0123,2,A18-10
ORD0672,274,486,3,SKU0213,1,A15-06
ORD0672,274,486,3,SKU0342,2,A03-05
ORD0672,274,486,3,SKU0511,1,D18-01
ORD0673,464,600,3,SKU0123,3,B18-08
ORD0673,464,600,3,SKU0003,2,D02-02
ORD0673,464,600,3,SKU0304,2,A06-10
ORD0674,267,434,3,SKU0277,3,A18-08
ORD0674,267,434,3,SKU0196,4,A09-03
ORD0675,67,280,3,SKU0162,2,C09-08
ORD0675,67,280,3,SKU0193,1,A19-01
ORD0675,67,280,3,SKU0498,2,A16-06
ORD0676,75,281,3,SKU0315,1,A17-03
ORD0677,260,412,3,SKU0114,3,D06-10
ORD0677,260,412,3,SKU0351,1,D14-10
ORD0677,260,412,3,SKU0288,1,A02-01
ORD0677,260,412,3,SKU0425,2,A06-09
ORD0677,260,412,3,SKU0264,1,A10-01
ORD0678,98,210,2,SKU0429,1,A13-10
ORD0678,98,210,2,SKU0575,1,B14-07
ORD0678,98,210,2,SKU0504,2,B09-02
ORD0679,419,572,3,SKU0541,4,B10-08
ORD0679,419,572,3,SKU0116,2,D14-05
ORD0679,419,572,3,SKU0214,3,C01-02
ORD0679,419,572,3,SKU0226,2,D01-02
ORD0679,419,572,3,SKU0267,1,C01-01
ORD0680,293,408,2,SKU0490,3,D11-09
ORD0681,170,261,2,SKU0097,1,A04-02
ORD0681,170,261,2,SKU0400,2,C10-09
ORD0681,170,261,2,SKU0435,2,D11-09
ORD0681,170,261,2,SKU0077,1,A14-01
ORD0682,421,517,2,SKU0181,1,A13-01
ORD0682,421,517,2,SKU0204,3,C12-01
ORD0682,421,517,2,SKU0578,2,A16-10
ORD0683,196,323,3,SKU0233,4,A07-04
ORD0683,196,323,3,SKU0040,1,C02-02
ORD0683,196,323,3,SKU0479,6,A02-07
ORD0684,273,358,2,SKU0182,1,A15-09
ORD0684,273,358,2,SKU0165,1,B17-05
ORD0684,273,358,2,SKU0231,1,D01-09
ORD0685,175,377,3,SKU0319,2,C17-03
ORD0685,175,377,3,SKU0464,2,B07-08
ORD0685,175,377,3,SKU0328,2,B02-07
ORD0685,175,377,3,SKU0502,1,D03-04
ORD0685,175,377,3,SKU0151,3,A17-06
ORD0686,447,600,3,SKU0040,1,A01-02
ORD0686,447,600,3,SKU0117,3,B01-01
ORD0686,447,600,3,SKU0324,1,C01-02
ORD0686,447,600,3,SKU0285,1,A02-02
ORD0687,96,126,1,SKU0552,3,D01-01
ORD0687,96,126,1,SKU0275,4,C12-10
ORD0687,96,126,1,SKU0056,1,A13-10
ORD0687,96,126,1,SKU0577,1,D12-07
ORD0687,96,126,1,SKU0520,1,B06-01
ORD0688,405,544,3,SKU0235,2,A17-01
ORD0689,132,188,1,SKU0437,1,A16-07
ORD0690,333,505,3,SKU0474,4,A06-06
ORD0690,333,505,3,SKU0386,2,A01-05
ORD0691,159,336,3,SKU0178,2,C12-03
ORD0692,110,291,3,SKU0136,2,B07-03
ORD0693,330,564,3,SKU0235,2,A02-01
ORD0693,330,564,3,SKU0301,3,A08-03
ORD0693,330,564,3,SKU0124,1,A09-07
ORD0693,330,564,3,SKU0519,3,C02-01
ORD0694,296,332,1,SKU0023,2,C17-06
ORD0695,398,555,3,SKU0146,1,A05-02
ORD0695,398,555,3,SKU0389,4,B13-07
ORD0695,398,555,3,SKU0114,3,C05-06
ORD0696,455,503,1,SKU0165,1,A17-10
ORD0697,50,281,3,SKU0395,1,D03-03
ORD0697,50,281,3,SKU0417,1,D19-04
ORD0698,24,142,2,SKU0583,2,A10-08
ORD0698,24,142,2,SKU0589,1,A11-01
ORD0698,24,142,2,SKU0123,1,C02-01
ORD0698,24,142,2,SKU0507,3,D13-07
ORD0699,45,269,3,SKU0212,2,C16-01
ORD0699,45,269,3,SKU0320,2,C12-06
ORD0700,155,340,3,SKU0048,2,A17-06
ORD0700,155,340,3,SKU0216,2,A20-03
ORD0701,147,342,3,SKU0238,1,C01-04
ORD0701,147,342,3,SKU0421,3,C02-01
ORD0701,147,342,3,SKU0370,1,A07-07
ORD0702,337,444,2,SKU0219,2,A01-09
ORD0702,337,444,2,SKU0244,4,A06-01
ORD0703,403,550,3,SKU0365,2,A04-10
ORD0703,403,550,3,SKU0219,2,C12-01
ORD0703,403,550,3,SKU0041,3,A12-10
ORD0704,442,600,3,SKU0435,4,A12-05
ORD0704,442,600,3,SKU0593,3,A17-08
ORD0704,442,600,3,SKU0600,2,D06-03
ORD0704,442,600,3,SKU0317,2,A05-02
ORD0704,442,600,3,SKU0487,1,C02-01
ORD0705,471,600,3,SKU0346,2,A20-02
ORD0705,471,600,3,SKU0417,4,C08-05
ORD0705,471,600,3,SKU0168,2,A03-06
ORD0705,471,600,3,SKU0142,1,B10-01
ORD0706,28,245,3,SKU0231,1,A08-01
ORD0706,28,245,3,SKU0201,2,A10-04
ORD0706,28,245,3,SKU0501,1,C12-01
ORD0706,28,245,3,SKU0142,7,A02-07
ORD0706,28,245,3,SKU0119,3,A02-06
ORD0707,294,533,3,SKU0467,3,C12-07
ORD0707,294,533,3,SKU0119,1,B19-01
ORD0707,294,533,3,SKU0342,1,D14-08
ORD0707,294,533,3,SKU0588,1,A08-09
ORD0707,294,533,3,SKU0180,1,C07-02
ORD0708,42,269,3,SKU0330,3,A05-10
ORD0708,42,269,3,SKU0158,2,A06-10
ORD0709,357,578,3,SKU0465,2,A08-07
ORD0709,357,578,3,SKU0196,1,D14-09
ORD0709,357,578,3,SKU0061,4,A08-01
ORD0710,87,177,2,SKU0161,2,A18-02
ORD0710,87,177,2,SKU0134,1,C01-09
ORD0710,87,177,2,SKU0092,3,D13-03
ORD0711,262,461,3,SKU0270,3,A13-05
ORD0711,262,461,3,SKU0502,1,C14-07
ORD0711,262,461,3,SKU0088,4,A16-01
ORD0711,262,461,3,SKU0204,1,D02-06
ORD0712,231,300,2,SKU0419,1,A10-08
ORD0712,231,300,2,SKU0235,4,A07-09
ORD0712,231,300,2,SKU0315,3,A11-07
ORD0712,231,300,2,SKU0535,1,A08-07
ORD0712,231,300,2,SKU0165,2,C11-09
ORD0713,314,353,1,SKU0563,1,A10-08
ORD0713,314,353,1,SKU0595,5,A02-02
ORD0713,314,353,1,SKU0084,2,D05-08
ORD0713,314,353,1,SKU0371,1,A19-01
ORD0714,165,236,2,SKU0476,2,A10-06
ORD0714,165,236,2,SKU0004,4,A16-08
ORD0714,165,236,2,SKU0195,3,A02-07
ORD0714,165,236,2,SKU0116,2,A06-10
ORD0715,411,600,3,SKU0240,2,D17-08
ORD0715,411,600,3,SKU0092,3,A05-04
ORD0715,411,600,3,SKU0406,2,A06-03
ORD0715,411,600,3,SKU0595,2,C05-05
ORD0716,468,600,3,SKU0102,2,A11-08
ORD0716,468,600,3,SKU0095,2,D03-03
ORD0716,468,600,3,SKU0352,2,A12-04
ORD0717,9,158,3,SKU0422,1,A20-05
ORD0717,9,158,3,SKU0395,1,B20-09
ORD0717,9,158,3,SKU0474,3,D08-03
ORD0718,234,391,3,SKU0288,1,A10-03
ORD0718,234,391,3,SKU0281,3,A07-08
ORD0718,234,391,3,SKU0388,4,B14-07
ORD0719,394,535,3,SKU0580,1,C17-04
ORD0719,394,535,3,SKU0083,3,D10-09
ORD0720,255,431,3,SKU0150,1,B11-10
ORD0720,255,431,3,SKU0496,3,C16-05
ORD0721,125,335,3,SKU0562,2,C03-01
ORD0721,125,335,3,SKU0137,2,D06-06
ORD0721,125,335,3,SKU0072,1,B16-07
ORD0721,125,335,3,SKU0210,1,B03-01
ORD0721,125,335,3,SKU0435,2,A15-01
ORD0722,285,511,3,SKU0553,2,D07-02
ORD0722,285,511,3,SKU0056,7,A17-05
ORD0723,84,202,2,SKU0303,4,A08-07
ORD0723,84,202,2,SKU0221,6,B09-09
ORD0724,451,600,3,SKU0388,4,B16-05
ORD0725,212,289,2,SKU0410,2,C01-09
ORD0725,212,289,2,SKU0403,2,A07-06
ORD0726,398,527,3,SKU0504,2,A03-07
ORD0726,398,527,3,SKU0253,2,C03-01
ORD0726,398,527,3,SKU0551,6,A14-03
ORD0726,398,527,3,SKU0298,1,B11-03
ORD0726,398,527,3,SKU0240,3,C04-04
ORD0727,101,199,2,SKU0213,1,A02-10
ORD0727,101,199,2,SKU0140,1,A18-04
ORD0727,101,199,2,SKU0352,3,C12-10
ORD0727,101,199,2,SKU0212,1,A17-09
ORD0727,101,199,2,SKU0389,2,A01-08
ORD0728,28,210,3,SKU0475,1,C02-07
ORD0728,28,210,3,SKU0071,2,A14-01
ORD0728,28,210,3,SKU0562,4,B02-03
ORD0729,16,101,2,SKU0492,3,A12-05
ORD0729,16,101,2,SKU0102,1,A19-08
ORD0730,448,600,3,SKU0119,2,A13-09
ORD0730,448,600,3,SKU0212,2,C15-07
ORD0730,448,600,3,SKU0562,4,B02-02
ORD0730,448,600,3,SKU0102,1,A02-02
ORD0730,448,600,3,SKU0377,3,A05-04
ORD0731,45,253,3,SKU0333,4,A12-07
ORD0731,45,253,3,SKU0584,2,A10-01
ORD0731,45,253,3,SKU0408,1,C20-03
ORD0732,27,205,3,SKU0073,1,A20-09
ORD0732,27,205,3,SKU0563,1,A05-07
ORD0732,27,205,3,SKU0032,1,C12-02
ORD0732,27,205,3,SKU0436,3,C01-09
ORD0733,387,566,3,SKU0312,1,A10-01
ORD0734,97,216,2,SKU0192,1,C05-09
ORD0734,97,216,2,SKU0197,2,B04-04
ORD0734,97,216,2,SKU0044,3,A05-07
ORD0734,97,216,2,SKU0406,1,B20-02
ORD0734,97,216,2,SKU0336,2,A06-05
ORD0735,387,426,1,SKU0520,3,A04-07
ORD0736,183,233,1,SKU0403,1,D14-05
ORD0736,183,233,1,SKU0539,1,A14-07
ORD0737,375,473,2,SKU0021,2,A03-03
ORD0737,375,473,2,SKU0398,4,D18-06
ORD0737,375,473,2,SKU0479,1,C12-03
ORD0737,375,473,2,SKU0562,1,C14-07
ORD0738,176,295,2,SKU0276,1,C01-01
ORD0738,176,295,2,SKU0419,2,B09-04
ORD0739,87,259,3,SKU0342,2,A14-10
ORD0740,113,210,2,SKU0507,1,D16-10
ORD0740,113,210,2,SKU0558,1,D03-03
ORD0740,113,210,2,SKU0013,2,A03-05
ORD0741,210,387,3,SKU0502,2,C14-07
ORD0742,184,296,2,SKU0409,1,B11-03
ORD0742,184,296,2,SKU0408,2,A14-08
ORD0742,184,296,2,SKU0417,3,D04-05
ORD0743,166,330,3,SKU0529,1,A02-02
ORD0743,166,330,3,SKU0499,2,D20-02
ORD0743,166,330,3,SKU0257,1,B01-05
ORD0743,166,330,3,SKU0442,4,D15-04
ORD0744,321,470,3,SKU0068,1,A06-04
ORD0744,321,470,3,SKU0074,2,A01-09
ORD0744,321,470,3,SKU0541,2,C18-08
ORD0744,321,470,3,SKU0322,3,B09-02
ORD0744,321,470,3,SKU0421,5,B16-05
ORD0745,97,214,2,SKU0052,1,C12-09
ORD0745,97,214,2,SKU0502,3,D03-02
ORD0745,97,214,2,SKU0461,2,B11-10
ORD0746,17,62,1,SKU0285,3,A03-02
ORD0746,17,62,1,SKU0388,2,C13-03
ORD0747,339,387,1,SKU0421,2,A14-03
ORD0747,339,387,1,SKU0026,2,A05-10
ORD0747,339,387,1,SKU0227,1,A05-05
ORD0747,339,387,1,SKU0478,1,A09-06
ORD0748,462,600,3,SKU0027,3,D18-08
ORD0749,466,600,3,SKU0399,3,D01-08
ORD0750,143,251,2,SKU0273,1,A03-10
ORD0750,143,251,2,SKU0171,3,D03-03
ORD0751,57,169,2,SKU0467,3,A20-07
ORD0752,415,568,3,SKU0461,6,A02-02
ORD0752,415,568,3,SKU0517,1,C20-03
ORD0752,415,568,3,SKU0418,4,A12-08
ORD0752,415,568,3,SKU0444,1,D01-01
ORD0752,415,568,3,SKU0313,1,B19-01
ORD0753,88,226,3,SKU0079,1,C01-01
ORD0753,88,226,3,SKU0365,1,D07-02
ORD0753,88,226,3,SKU0588,2,A10-08
ORD0754,170,409,3,SKU0057,2,C09-08
ORD0755,40,98,1,SKU0371,1,D15-06
ORD0755,40,98,1,SKU0375,3,D11-09
ORD0755,40,98,1,SKU0426,2,A14-03
ORD0755,40,98,1,SKU0374,2,B18-09
ORD0755,40,98,1,SKU0583,1,A06-05
ORD0756,210,270,1,SKU0388,2,B02-01
ORD0756,210,270,1,SKU0210,4,B14-07
ORD0756,210,270,1,SKU0203,3,B14-07
ORD0757,403,542,3,SKU0452,2,A02-02
ORD0757,403,542,3,SKU0583,2,A13-02
ORD0758,46,176,3,SKU0025,1,B09-07
ORD0758,46,176,3,SKU0451,2,A03-03
ORD0758,46,176,3,SKU0395,2,A18-04
ORD0759,340,561,3,SKU0331,1,A17-10
ORD0760,354,420,2,SKU0547,1,A06-09
ORD0760,354,420,2,SKU0421,3,A03-02
ORD0760,354,420,2,SKU0072,2,A14-06
ORD0761,143,371,3,SKU0541,2,A20-10
ORD0761,143,371,3,SKU0035,2,D12-02
ORD0762,138,278,3,SKU0495,3,D02-02
ORD0763,347,451,2,SKU0546,2,A16-01
ORD0763,347,451,2,SKU0563,2,B05-01
ORD0763,347,451,2,SKU0007,2,C08-04
ORD0764,340,504,3,SKU0043,3,B16-05
ORD0765,76,233,3,SKU0210,2,C03-02
ORD0765,76,233,3,SKU0553,1,B10-08
ORD0765,76,233,3,SKU0388,5,B16-05
ORD0765,76,233,3,SKU0176,1,C08-09
ORD0765,76,233,3,SKU0283,1,C19-10
ORD0766,221,434,3,SKU0212,1,A18-08
ORD0766,221,434,3,SKU0400,2,C05-06
ORD0767,238,417,3,SKU0097,1,B01-08
ORD0768,445,600,3,SKU0379,1,A02-01
ORD0768,445,600,3,SKU0593,4,C01-09
ORD0768,445,600,3,SKU0520,1,A05-01
ORD0769,320,442,3,SKU0186,1,A18-06
ORD0769,320,442,3,SKU0502,2,D01-01
ORD0769,320,442,3,SKU0008,4,D04-09
ORD0770,410,579,3,SKU0461,3,D03-03
ORD0770,410,579,3,SKU0295,1,A07-01
ORD0770,410,579,3,SKU0530,3,B04-07
ORD0770,410,579,3,SKU0212,1,D03-01
ORD0770,410,579,3,SKU0221,2,B08-03
ORD0771,289,497,3,SKU0572,2,A12-05
ORD0771,289,497,3,SKU0421,1,D07-02
ORD0772,333,378,1,SKU0404,3,B08-09
ORD0772,333,378,1,SKU0141,1,B09-02
ORD0772,333,378,1,SKU0589,1,B10-03
ORD0773,261,373,2,SKU0298,1,C14-08
ORD0773,261,373,2,SKU0517,1,A02-02
ORD0774,313,517,3,SKU0461,2,B01-01
ORD0774,313,517,3,SKU0079,1,A14-05
ORD0775,315,499,3,SKU0575,2,C16-09
ORD0775,315,499,3,SKU0108,2,A11-07
ORD0776,262,341,2,SKU0342,2,C02-02
ORD0776,262,341,2,SKU0352,2,C16-10
ORD0777,453,544,2,SKU0037,2,D12-02
ORD0777,453,544,2,SKU0326,2,A14-04
ORD0777,453,544,2,SKU0191,2,A14-10
ORD0778,271,453,3,SKU0174,2,D17-10
ORD0778,271,453,3,SKU0414,2,C15-07
ORD0778,271,453,3,SKU0107,4,B11-03
ORD0778,271,453,3,SKU0074,2,D10-07
ORD0778,271,453,3,SKU0317,5,B02-02
ORD0779,231,432,3,SKU0261,3,B11-01
ORD0779,231,432,3,SKU0454,2,A17-07
ORD0779,231,432,3,SKU0309,2,A20-05
ORD0780,94,232,3,SKU0048,3,D01-01
ORD0780,94,232,3,SKU0502,5,D12-09
ORD0781,386,530,3,SKU0520,2,D11-07
ORD0781,386,530,3,SKU0350,2,B19-01
ORD0781,386,530,3,SKU0267,2,A11-10
ORD0781,386,530,3,SKU0457,1,A17-07
ORD0781,386,530,3,SKU0429,5,A03-02
ORD0782,332,499,3,SKU0088,1,D20-03
ORD0782,332,499,3,SKU0210,4,C01-09
ORD0782,332,499,3,SKU0398,5,B02-01
ORD0782,332,499,3,SKU0069,2,D11-10
ORD0782,332,499,3,SKU0087,2,A11-01
ORD0783,460,600,3,SKU0562,4,C03-03
ORD0783,460,600,3,SKU0428,1,A08-03
ORD0783,460,600,3,SKU0335,2,C07-07
ORD0784,319,398,2,SKU0126,3,B03-01
ORD0784,319,398,2,SKU0282,1,D11-03
ORD0784,319,398,2,SKU0504,2,C12-07
ORD0784,319,398,2,SKU0301,1,B07-02
ORD0784,319,398,2,SKU0403,1,A04-10
ORD0785,422,600,3,SKU0481,3,A11-07
ORD0785,422,600,3,SKU0249,1,A02-07
ORD0785,422,600,3,SKU0007,1,D10-07
ORD0786,264,371,2,SKU0055,2,D10-05
ORD0786,264,371,2,SKU0285,2,C05-06
ORD0786,264,371,2,SKU0537,1,B09-09
ORD0786,264,371,2,SKU0123,1,A05-01
ORD0786,264,371,2,SKU0208,2,D11-01
ORD0787,406,597,3,SKU0081,3,D10-08
ORD0787,406,597,3,SKU0461,4,B02-01
ORD0787,406,597,3,SKU0221,2,A16-07
ORD0787,406,597,3,SKU0428,4,A15-01
ORD0788,3,87,2,SKU0575,4,B18-10
ORD0789,166,400,3,SKU0340,4,B15-09
ORD0789,166,400,3,SKU0106,2,C12-10
ORD0789,166,400,3,SKU0462,2,A16-06
ORD0789,166,400,3,SKU0208,2,A14-01
ORD0790,426,577,3,SKU0162,4,A05-09
ORD0790,426,577,3,SKU0529,1,A20-03
ORD0790,426,577,3,SKU0439,2,B10-01
ORD0790,426,577,3,SKU0425,2,A13-04
ORD0790,426,577,3,SKU0212,3,B01-02
ORD0791,27,99,2,SKU0240,3,A02-05
ORD0792,53,106,1,SKU0504,3,C02-05
ORD0792,53,106,1,SKU0126,6,C06-09
ORD0792,53,106,1,SKU0553,4,A06-08
ORD0792,53,106,1,SKU0265,2,B09-05
ORD0793,192,263,2,SKU0290,1,D10-04
ORD0793,192,263,2,SKU0221,3,A01-02
ORD0793,192,263,2,SKU0382,1,C04-05
ORD0793,192,263,2,SKU0571,1,A06-10
ORD0794,290,422,3,SKU0267,5,C12-01
ORD0794,290,422,3,SKU0216,1,A02-01
ORD0795,399,495,2,SKU0260,1,A03-09
ORD0795,399,495,2,SKU0008,1,A04-03
ORD0796,159,361,3,SKU0373,1,D12-03
ORD0797,86,168,2,SKU0019,1,A03-03
ORD0797,86,168,2,SKU0562,2,B09-02
ORD0797,86,168,2,SKU0313,1,B10-04
ORD0797,86,168,2,SKU0032,1,B14-07
ORD0798,34,197,3,SKU0241,2,B10-06
ORD0798,34,197,3,SKU0358,2,A20-08
ORD0799,230,304,2,SKU0113,2,B07-01
ORD0800,319,504,3,SKU0329,2,D10-09
ORD0800,319,504,3,SKU0267,3,B14-05
ORD0800,319,504,3,SKU0052,2,B04-08
ORD0800,319,504,3,SKU0288,2,A11-04
